codigo;codvariablesimec;NombreProyecto;;
821;A1154;ECO ESTUDIO;;
1024;A1180;GENOVA;;
991;A1181;SOHO III;;
992;A1181;SOHO III;;
1445;A2452;INTURIAS;;
696;A3001;ITOS;;
706;A3002;ALTILLO BENI;;
752;A3003;FIORELLA;;
753;A3004;LA SUIZE;;
705;A3005;PIAZA ONCE;;
62;A3006;AGROINDUSTRIAL SAN JUAN;;
725;A3008;HOTEL VIRU VIRU;;
723;A3009;BANCO ECONOMICO CENTRAL;;
727;A3010;CAMINO REAL;;
728;A3011;PORTOFINO IV;;
769;A3012;MONTE BELO;;
709;A3013;MAC EVOLUTION;;
759;A3014;ONIX;;
762;A3015;LA SALLE;;
763;A3015;LA SALLE;;
734;A3016;EDIFICIO MAREA (GROVER PARADA);;
768;A3017;SALVATIERRA;;
717;A3018;MAIS SUITES;;
810;A3019;GARDENIA CUBO A;;
915;A3019;GARDENIA CUBO B;;
756;A3020;TOP CENTER;;
757;A3020;TOP CENTER;;
758;A3020;TOP CENTER;;
754;A3021;ITAOCA;;
738;A3022;BARUC;;
770;A3023;FAC FINOR;;
771;A3023;FAC FINOR;;
740;A3024;LOS LIRIOS II;;
755;A3025;MARVILL;;
722;A3026;ITAJU (FRANULIC);;
724;A3027;lunae;;
772;A3028;IRALA;;
773;A3029;OFICINAS DUMOND;;
892;A3030;PITONES;;
767;A3031;SMART ISUTO 1.0;;
774;A3032;DIAMANTE II (BENI);;
775;A3032;DIAMANTE II (BENI);;
760;A3033;SANTA ELENA;;
761;A3033;SANTA ELENA;;
780;A3035;MYM II;;
820;A3036;ORANGE;;
790;A3037;PANORAMA CONCEPTS A;;
791;A3037;PANORAMA CONCEPTS B;;
778;A3039;TORRE ANITA;;
779;A3039;TORRE ANITA;;
782;A3040;PALESTINA;;
783;A3040;PALESTINA;;
796;A3041;DIAZ CARDOZO;;
792;A3042;MURCIA;;
786;A3043;IPANEMA (PAULISTA);;
845;A3043;IPANEMA (PAULISTA);;
784;A3044;TIZIANO;;
802;A3046;SMART EQUIPE 2,0;;
843;A3048;GALIL;;
799;A3049;SAN NICOLAS I;;
801;A3051;FITNESSFACTORY (EL REY);;
800;A3052;RESIDENCIAL ROCA;;
808;A3053;BIODENT;;
803;A3054;FERROBLACK;;
797;A3055;BLOCK;;
806;A3056;PRATA UNO;;
787;A3058;CHICOCOS;;
835;A3059;IRALA 452 B;;
836;A3059;IRALA 452 C;;
807;A3060;CLAROS;;
949;A3062;FAMILIA URUBO;;
818;A3064;WILMA II;;
830;A3065;HOSTAL INMIGRANTE (POSTIGO);;
831;A3065;HOSTAL INMIGRANTE (POSTIGO);;
838;A3066;INDANA BLOQUE A A NORTE;;
837;A3066;INDANA BLOQUE A B NORTE;;
856;A3066;INDANA BLOQUE A NORTE;;
841;A3066;INDANA BLOQUE B SUR;;
839;A3066;INDANA BLOQUE C SUR;;
840;A3066;INDANA BLOQUE D NORTE;;
813;A3067;COMERCIAL JDE (CAVERO);;
844;A3068;COMANDO DPTAL POLICIA;;
811;A3069;VIVALDI A;;
812;A3069;VIVALDI B;;
832;A3070;EVOLUTION TORRE 1 (EVOLUTION II);;
833;A3070;EVOLUTION TORRE 1 (EVOLUTION II);;
857;A3071;MARAYAU;;
849;A3072;CURUPAU ROCA Y CORONADO A;;
850;A3072;CURUPAU ROCA Y CORONADO B;;
851;A3072;CURUPAU ROCA Y CORONADO C;;
881;A3073;PORTOFINO V;;
875;A3074;JARDINES DEL NORTE A;;
876;A3074;JARDINES DEL NORTE B;;
877;A3074;JARDINES DEL NORTE C;;
858;A3075;HOTEL CORTEZ SERVICIO;;
852;A3076;HEROINAS;;
855;A3077;LAS PALMAS GOLF VIEW;;
853;A3078;PICASSO;;
847;A3079;24 DE SEPTIEMBRE A;;
848;A3079;24 DE SEPTIEMBRE B;;
865;A3081;MALL NORTE (MONTERO);;
888;A3082;KENYA A;;
889;A3082;KENYA B;;
864;A3083;PORTOFINO BENI (PORTOFINO VI);;
866;A3084;PORTOFINO OVIDIO (PORTOFINO VIII);;
874;A3085;ANDREA (URBARI);;
880;A3086;DAHER;;
1035;A3087;CINE CENTER TARIJA;;
1036;A3087;CINE CENTER TARIJA;;
879;A3088;HOTEL EMPERADOR CORTEZ;;
891;A3089;LAZARETO (COND. SILES);;
887;A3090;HOTEL LILOKO;;
883;A3091;VIVIENDA KULJIS;;
900;A3092;SOLARIS II (RADIAL 19);;
901;A3092;SOLARIS II (RADIAL 19);;
902;A3092;SOLARIS II (RADIAL 19);;
903;A3092;SOLARIS II (RADIAL 19);;
890;A3093;KUBOO;;
894;A3095;TAHARI A;;
895;A3095;TAHARI B;;
917;A3097;COMERCIAL DENICE;;
904;A3098;CARACOLES A;;
905;A3098;CARACOLES B;;
913;A3100;TORRE BERCHATTI A;;
914;A3100;TORRE BERCHATTI B;;
934;A3101;MULTIPARTES COTOCA;;
935;A3101;MULTIPARTES COTOCA;;
785;A3102;LA FUENTE (EX SMART ISUTO 1.0);;
916;A3103;TAOS APART HOTEL (TALAMAS);;
942;A3105;TOTA (ASAI);;
970;A3106;NARDINI;;
933;A3107;MOZART;;
986;A3107;MOZART;;
937;A3108;CLINICA ANDREA;;
945;A3110;GLAZ ISUTO;;
946;A3110;GLAZ ISUTO;;
1041;A3111;BARRIO NORTE;;
950;A3112;MACIEL;;
944;A3113;GAMA WELLNESS CENTER;;
920;A3114;PASILLO BENI;;
943;A3115;COVARRUBIA II;;
951;A3116;ANFEN;;
957;A3118;DOMINGO SAVIO;;
952;A3119;COMERCIAL RODRIGUEZ;;
962;A3120;ESTRELLA DEL ESTE;;
963;A3120;ESTRELLA DEL ESTE;;
966;A3121;TORRE IMAGINE;;
967;A3121;TORRE IMAGINE;;
968;A3122;LOS ROSALES;;
969;A3123;SUCRE 545;;
964;A3124;CANDELARIA;;
965;A3126;CENTRO TERAPEUTICO DE REHABILITACION;;
990;A3127;COMERCIAL FUENTES;;
977;A3128;HOTEL SUECIA;;
975;A3129;UNISOYA;;
976;A3129;UNISOYA;;
994;A3130;QUATTRO;;
974;A3131;CRUZ;;
987;A3132;MARIA MERCEDES;;
995;A3136;VICTORIA III;;
997;A3137;ZAGALETA(KAPADARE);;
996;A3138;ETIENNE II;;
989;A3139;LA COLMENA;;
993;A3140;MUYURINA (HOTEL MADRID);;
1084;A3141;TORRE VENTO;;
1085;A3141;TORRE VENTO;;
1103;A3141;TORRE VENTO;;
1014;A3142;ANA ROSA;;
1015;A3142;ANA ROSA;;
998;A3143;LOS HEROES;;
999;A3143;LOS HEROES;;
1019;A3148;LAS MISIONES II;;
1018;A3150;SOSA (BUSCH);;
1017;A3151;TAURO;;
1016;A3152;CAAD (NICANOR SALVATIERRA);;
1029;A3153;SKY BLUE;;
1027;A3154;SKY ART;;
1028;A3154;SKY ART;;
1006;A3155;LA BOUTIQUE;;
1025;A3156;MADERO RESIDENCE;;
1026;A3156;MADERO RESIDENCE;;
1022;A3157;CEDISA;;
1046;A3159;SUAREZ;;
1047;A3161;ALMORA;;
1048;A3161;ALMORA;;
1001;A3162;FAMILIA PAZ;;
1052;A3163;ACUARIO;;
1050;A3164;MARZENIA;;
1051;A3164;MARZENIA;;
953;A3165;BOLIVIANA CIACRUZ (VILLA GERMANIA);;
1083;A3166;JORGIN;;
1053;A3167;CISNES (BARRIENTOS);;
1059;A3170;INSTITUTO NEUROCIRUGIA;;
1194;A3171;REYNAGA RIVAS;;
1056;A3171;REINAGA;;
1058;A3172;PERINAT (ROP CENTER - GARCIA LARREA);;
938;A3173;SAN FRANCISCO NORTE;;
939;A3173;SAN FRANCISCO NORTE;;
940;A3173;SAN FRANCISCO NORTE;;
941;A3173;SAN FRANCISCO TORRE II;;
1060;A3174;CBA BALLIVIAN;;
1061;A3175;DISMATEC;;
1062;A3175;DISMATEC;;
1109;A3176;BANCO ECONOMICO SUC. BANZER;;
1076;A3177;MANZIL APARTAMENTOS (NAZRALA);;
1075;A3178;MIRADOR DE SAN RAMON;;
1074;A3181;GALERIA PAOLA;;
1063;A3182;MAR ADENTRO;;
1343;A3182;MAR ADENTRO (EX PROCURADURIA);;
1087;A3184;PRELUDIO 2;;
1217;A3185;M40;;
1218;A3185;M40;;
1219;A3185;M40;;
1220;A3185;M40;;
1221;A3185;M40;;
1222;A3185;M40;;
1223;A3185;M40;;
1224;A3185;M40;;
1225;A3185;M40;;
1226;A3185;M40;;
1227;A3185;M40;;
1228;A3185;M40;;
1229;A3185;M40;;
1230;A3185;M40;;
1233;A3185;M40;;
1234;A3185;M40;;
1356;A3185;M40;;
1357;A3185;M40;;
1279;A3186;SERRAH LAS PALMAS (RESOL);;
1089;A3187;UNIVERSIDAD NUR;;
1090;A3187;UNIVERSIDAD NUR;;
1088;A3188;RAQUEL;;
1106;A3189;ISAAC (4 DE NOVIEMBRE);;
1114;A3191;PORTOFINO DELUX;;
1093;A3194;BIZET;;
1094;A3194 ;BIZET;;
1117;A3195;GALENICA;;
1095;A3196;SANTORINI;;
1115;A3199;TAPIOSI CONDOMINIO;;
1119;A3201;UNNO RESIDENCE;;
1107;A3202;TAMISA II;;
1108;A3202;TAMISA II;;
1116;A3203;ITAUBA NORTE;;
1122;A3205;RESIDENCIAS DEL SUR (EX CHAMBI CBBA);;
1126;A3206;CELIA;;
1127;A3207;SAN SIMON III;;
1130;A3208;RESIDENZA;;
1128;A3209;QUARTIER ISUTO;;
1129;A3209;QUARTIER ISUTO;;
1137;A3211;SKY LINE;;
1138;A3211;SKY LINE;;
1135;A3212;SKY EPIC;;
1136;A3212;SKY EPIC;;
954;A3213;SKY PLAZA (Ex Villa Germania);;
1134;A3214;SKY SAN MARTIN;;
1140;A3215;SKY PLAZA ITALIA;;
1132;A3216;SKY DESING;;
1133;A3216;SKY DESING;;
1143;A3217;PALMETTO;;
1144;A3217;PALMETTO;;
1139;A3218;MERTENS URUBO;;
1150;A3219;AGUSTINA (NAVA);;
1141;A3221;BRICKELL I;;
1071;A3222;GUTIERREZ (EX CATALINA);;
1064;A3223;SMART SPACE ( EX MAR ADENTRO);;
1142;A3224;BRICKELL II;;
1154;A3225;ECOMATER;;
1156;A3226;VALERIA;;
1163;A3228;NATUDERM;;
1168;A3229;MAGNUM;;
1169;A3229;MAGNUM;;
1170;A3229;MAGNUM;;
1164;A3230;LOS CEDROS ISUTO NORTE;;
1166;A3230;LOS CEDROS ISUTO NORTE;;
1175;A3231;FORTUNE HOUSE;;
1176;A3231;FORTUNE HOUSE;;
1171;A3233;ESTRELLA DEL ESTE II;;
1172;A3233;ESTRELLA DEL ESTE II;;
1186;A3234;BELLO MILANO;;
1189;A3235;RIVERO;;
1190;A3235;RIVERO;;
1182;A3236;CLINICA ODONTOKING;;
1185;A3237;ROMALY;;
1191;A3238;KNIZE SIMONS;;
1195;A3240;MEJIA CONDOMINIO;;
1240;A3242;MAC;;
1235;A3243;HOTEL GARCIA (AH HOTEL);;
1215;A3245;ALVAREZ;;
1216;A3246;FAMILIA ZENTENO (GALERIA ZENTENO);;
1237;A3247;LAS MISIONES II;;
1241;A3249;HOTEL EBANO II SAUNA;;
1238;A3251;MANCILLA;;
1243;A3252;ROMA II;;
1248;A3254;TOTAISES;;
1247;A3255;CAROLE;;
1280;A3256;PANAMERICANA;;
1254;A3257;RECIFE;;
1251;A3258;AGUAZU;;
1252;A3258;AGUAZU;;
1253;A3259;JARDINES DEL NORTE V;;
1255;A3260;MONTE CASTELO;;
1259;A3261;YOU I;;
1260;A3261;YOU I;;
1263;A3262;FAMILIA OLIVEIRA;;
1273;A3264;RESIDENCIAL VEIZAGA;;
1152;A3266;PENTAGONO (EX SERRAH POLANCO);;
1264;A3268;UDABOL CAMILLEROS;;
1265;A3268;UDABOL CAMILLEROS;;
1266;A3268;UDABOL DUPLEX SOCIALES;;
1267;A3268;UDABOL DUPLEX SOCIALES;;
1268;A3268;UDABOL DUPLEX SOCIALES;;
1269;A3268;UDABOL DUPLEX SOCIALES;;
1272;A3268;UDABOL TRIPLEX SOCIALES;;
1276;A3268;UDABOL TRIPLEX SOCIALES;;
1277;A3268;UDABOL TRIPLEX SOCIALES;;
1328;A3269;LIMPIAS BALDIVIESO(EX BANCO FASSIL CRISTO REDENTOR);;
1297;A3270;JARDINES DEL NORTE V II;;
1310;A3272;MILAN;;
1311;A3272;MILAN;;
1299;A3273;QUARTIER EQUIPETROL;;
1300;A3273;QUARTIER EQUIPETROL;;
1301;A3274;SONO;;
1313;A3275;YOU II;;
1314;A3275;YOU II;;
1312;A3276;CLADERA;;
1262;A3277;PRAGA;;
1315;A3279;PISTA DE ATLETISMO;;
1319;A3280;ROCA II;;
1332;A3283;SIRIA;;
1167;A3284;COSTANERA BLU;;
1347;A3285;CARMENERE;;
1287;A3286;PLATINUM II DEPARTAMENTO;;
1288;A3286;PLATINUM II DEPARTAMENTO;;
1289;A3286;PLATINUM II DEPARTAMENTO;;
1290;A3286;PLATINUM II DEPARTAMENTO;;
1283;A3286;PLATINUM II OFICINAS;;
1284;A3286;PLATINUM II OFICINAS;;
1285;A3286;PLATINUM II OFICINAS;;
1286;A3286;PLATINUM II OFICINAS;;
1350;A3287;SAN SIMON IV;;
1322;A3288;HOSPITAL DE SEGUNDO NIVEL MONTERO;;
1323;A3288;HOSPITAL DE SEGUNDO NIVEL MONTERO;;
1324;A3288;HOSPITAL DE SEGUNDO NIVEL MONTERO;;
1352;A3289;SAUCE;;
1296;A3290;JAZMINES TORRE III (EX_STOCK II – 6C);;
1327;A3291;BANCO FASSIL ABASTO;;
1338;A3291;BANCO FASSIL CRISTO REDENTOR IV (EX BCO. FASSIL BELEN);;
1339;A3291;BANCO FASSIL CRISTO REDENTOR IV (EX BCO. FASSIL BELEN);;
1330;A3291;FASSIL CRISTO REDENTOR (EX FASSIL SAN MARTIN);;
1331;A3291;FASSIL CRISTO REDENTOR (EX FASSIL SAN MARTIN);;
1354;A3292;DU NORD PLAZA;;
464;A3292;DUNORD;;
1353;A3293;LOS JAZMINES DE SIRARI;;
1365;A3294;ORGANO JUDICIAL II;;
1366;A3294;ORGANO JUDICIAL II;;
1367;A3294;ORGANO JUDICIAL II;;
1348;A3295;PIHARE II;;
1351;A3295;PIHARE II;;
1371;A3296;CARRANZA;;
1374;A3297;MAGNE;;
1383;A3299;HOTEL CHOPE;;
1368;A3300;UPB;;
1372;A3300;UPB;;
1373;A3301;LUCIANA;;
1375;A3301;LUCIANA;;
1472;A3304;CANDELARIA (2019);;
1378;A3305;SIRARI DELUX;;
1379;A3306;MAMERTO VARGAS;;
1384;A3307;FENIX;;
1364;A3309;INOX SUPPLY;;
1406;A3310;UPSA;;
1407;A3311;IMAGINE II;;
1408;A3311;IMAGINE II;;
1392;A3312;QUINTA MUNICIPAL BLOQUE 2 SECRETARIA GENERAL;;
1398;A3312;QUINTA MUNICIPAL CENTRAL;;
1399;A3312;QUINTA MUNICIPAL CENTRAL;;
1400;A3312;QUINTA MUNICIPAL CENTRAL;;
1401;A3312;QUINTA MUNICIPAL CENTRAL;;
1396;A3312;QUINTA MUNICIPAL CIVICA;;
1397;A3312;QUINTA MUNICIPAL CIVICA;;
1394;A3312;QUINTA MUNICIPAL MEDIO AMBIENTE;;
1395;A3312;QUINTA MUNICIPAL MEDIO AMBIENTE;;
1402;A3312;QUINTA MUNICIPAL PARQUEO;;
1403;A3312;QUINTA MUNICIPAL PARQUEO;;
1393;A3312;QUINTA MUNICIPAL SECRETARIA GENERAL;;
1410;A3313;ARIMOZA;;
1404;A3314;CLINICA URKUPIÑA;;
1405;A3315;ACAI;;
1412;A3316;ARCADIA;;
1416;A3317;PORTALES;;
1415;A3318;PREMIUM SUITES III;;
1329;A3320;RAFAELLA (EX BANCO FASSIL CRISTO REDENTOR);;
1423;A3321;PUNTA SUR;;
1420;A3322;LV;;
1111;A3323;CURUPAU NORD;;
1112;A3323;CURUPAU NORD;;
1113;A3323;CURUPAU NORD;;
1429;A3324;BELLINI;;
1459;A3325;PLUS ISUTO;;
1440;A3326;PLATINUM 2;;
1441;A3326;PLATINUM 2;;
1442;A3327;YAPACANI CHORE;;
1425;A3328;CLINICA PASTEUR;;
1443;A3329;ALTA MAR;;
1444;A3329;ALTA MAR;;
1430;A3330;CENTRO MEDICO KOCA;;
1428;A3331;SHADDAI;;
1446;A3331;SHADDAI;;
1437;A3332;LUXURY APARTAMENTS;;
1448;A3332;LUXURY APARTAMENTS;;
1431;A3333;SKY PARK VIEW;;
1432;A3334;SKY PHOENIX;;
1438;A3335;SKY EQUIPETROL;;
1439;A3335;SKY EQUIPETROL;;
1433;A3336;EURODESIGN SUITES;;
1436;A3337;LA FORET;;
1451;A3338;ASTERIA MAMANI;;
1452;A3338;ASTERIA MAMANI;;
1435;A3339;SKY LUX;;
1449;A3339;SKY LUX;;
1454;A3340;COLEGIO ALEMAN;;
1473;A3340;COLEGIO ALEMAN;;
1455;A3341;VIVIENDA PAZ;;
1457;A3342;ROCABADO;;
1460;A3343;BAMBOO RESIDENCE;;
1458;A3344;TOTAISES II;;
1413;A3345;SAONA;;
1464;A3346;BALCONADA LAS PALMAS;;
1409;A3348;SMART SOUL;;
1499;A3349;HOSPITAL ONCOLOGICO MONTACARGAS;;
1505;A3349;HOSPITAL ONCOLOGICO TARIJA;;
1506;A3349;HOSPITAL ONCOLOGICO TARIJA;;
1507;A3349;HOSPITAL ONCOLOGICO TARIJA;;
1508;A3349;HOSPITAL ONCOLOGICO TARIJA;;
1509;A3349;HOSPITAL ONCOLOGICO TARIJA;;
1510;A3349;HOSPITAL ONCOLOGICO TARIJA;;
1515;A3350;PORTOFINO NOVO;;
1483;A3353;CENTRO MEDICO FOIANINI;;
1521;A3354;FERREYRA;;
1492;A3355;BERCHATTI NORTE TORRE 1;;
1493;A3355;BERCHATTI NORTE TORRE 1;;
1494;A3355;BERCHATTI NORTE TORRE 1;;
1495;A3355;BERCHATTI NORTE TORRE 1;;
1496;A3355;BERCHATTI NORTE TORRE 1;;
1501;A3355;BERCHATTI NORTE TORRE II;;
1502;A3355;BERCHATTI NORTE TORRE II;;
1503;A3355;BERCHATTI NORTE TORRE II;;
1498;A3355;BERCHATTI NORTE TORRE III;;
1500;A3355;BERCHATTI NORTE TORRE III;;
1520;A3357;HOTEL CENTRO YACUIBA;;
1465;A3358;UNIVALLE CENTRO DE COMPUTO;;
1466;A3358;UNIVALLE CENTRO DE COMPUTO;;
1467;A3358;UNIVALLE CENTRO DE COMPUTO;;
1468;A3358;UNIVALLE CENTRO DE COMPUTO;;
1504;A3358;UNIVALLE MEDICINA BLOQUE 3B SERVICIO;;
1484;A3358;UNIVALLE MEDICINA BLOQUE SM 3B SERVICIOS CS;;
1485;A3358;UNIVALLE MEDICINA BLOQUE SM 3B SERVICIOS CS;;
1469;A3358;UNIVALLE MEDICINA BLOUE 3A;;
1470;A3358;UNIVALLE MEDICINA BLOUE 3A;;
1461;A3358;UNIVALLE SM RECTORADO;;
1462;A3358;UNIVALLE SM RECTORADO;;
1463;A3358;UNIVALLE SM RECTORADO;;
1427;A7049;SAMA II;;
1250;CT301;FAMILIA ZUAZO (ASCENSOR DOMICILIARIO);;
1516;CT303;ICHAZO TERRY;;
1037;E3003;CINE CENTER TARIJA;;
1038;E3003;CINE CENTER TARIJA;;
1039;E3003;CINE CENTER TARIJA;;
1040;E3003;CINE CENTER TARIJA;;
978;E3005;INDANA;;
979;E3005;INDANA;;
980;E3005;INDANA;;
981;E3005;INDANA;;
982;E3005;INDANA;;
983;E3005;INDANA;;
984;E3005;INDANA;;
985;E3005;INDANA;;
1042;E3006;MERCADO SATELITE;;
1043;E3006;MERCADO SATELITE;;
1044;E3006;MERCADO SATELITE;;
1045;E3006;MERCADO SATELITE;;
834;E3059;IRALA 452 A;;
878;E3074;JARDINES DEL NORTE D;;
751;M3001;KFC (DELOSUR HIDRAL);;
748;M3002;AUTOLIDER MONTACARGAS (OVANDO HiDRAL);;
747;M3003;MARY LIZZIE;;
749;M3004;CLINICA INCOR (HIDRAL);;
750;M3004;CLINICA INCOR (HIDRAL);;
1239;M3007;VIVENDA ROMERO;;
1326;;FACULTAD DE CNS. FARMACEUTICAS;;
202;;ACACIAS;;
460;;ACRICOLOR;;
219;;ADUANA;;
323;;ADUANA (DONA LUCY);;
140;;AGUA MARINA;;
336;;AGUAI;;
337;;AGUAI;;
631;;AGUILAR;;
258;;AGUILERA;;
1244;;AGUILERA;;
678;;ALANIS CUBA (TEJADA);;
322;;ALCALA;;
739;;ALEJANDRA;;
653;;ALEJANDRIA;;
402;;ALFARERO;;
554;;ALGE;;
555;;ALGE;;
472;;ALICANTE;;
628;;ALMIRANTE;;
629;;ALMIRANTE;;
90;;ALTAMIRA;;
91;;ALTAMIRA;;
908;;AMBASSADOR;;
909;;AMBASSADOR;;
910;;AMBASSADOR;;
912;;AMBASSADOR;;
188;;ANDAR MOTORS;;
630;;ANDAR MOTORS;;
40;;ANDREA (BENI);;
78;;ANTHEA;;
79;;ANTHEA;;
450;;ANTHONY;;
451;;ANTHONY;;
204;;AQUA;;
1;;ARCUS (EQUIPETROL);;
473;;ARETE;;
474;;ARETE;;
475;;ARETE;;
667;;ARGAMOZA;;
867;;ATLANTIS;;
868;;ATLANTIS;;
869;;ATLANTIS;;
870;;ATLANTIS;;
871;;ATLANTIS;;
872;;ATLANTIS;;
50;;ATOCHA;;
481;;AUAD;;
482;;AUAD;;
128;;AUTOLIDER (OVANDO);;
568;;AUTOLIDER MONTACOCHE (OVANDO HIDRAL);;
569;;AUTOLIDER MONTACOCHE (OVANDO HIDRAL);;
154;;AVICOLA EL PICHON;;
134;;BABY CORP;;
417;;BANCO BISA;;
418;;BANCO BISA;;
419;;BANCO BISA;;
1340;;BANCO ECONOMICO (EX HOSPITAL OBRERO EL ALTO COCINA);;
71;;BANCO FASSIL (LANROSS);;
1478;;BANCO FASSIL BENI;;
1482;;BANCO FASSIL CHARCAS;;
1479;;BANCO FASSIL CRISTO REDENTOR III;;
1480;;BANCO FASSIL CRISTO REDENTOR III;;
1481;;BANCO FASSIL CRISTO REDENTOR IV;;
1490;;BANCO FASSIL CRISTO REDENTOR IV;;
1281;;BANCO FASSIL MELCHOR PINTO;;
1282;;BANCO FASSIL MELCHOR PINTO;;
1477;;BANCO FASSIL PIRAI;;
1298;;BANCO FASSIL SAN MARTIN (EX LIMPIAS VALDIVIESO);;
1295;;BANCO FASSIL SAN MARTIN (EX PENTAGONO);;
1486;;BANCO FASSIL VILLA BONITA;;
1491;;BANCO FASSIL VILLA BONITA;;
98;;BANDURRIAS;;
178;;BARU;;
255;;BECAR;;
25;;beit jala;;
19;;BENEVENTO;;
27;;BENEVENTO;;
1525;;BERCHATTI NORTE TORRE 1;;
1522;;BERCHATTI NORTE TORRE II;;
777;;BISA SEGUROS Y REASEGUROS S.A;;
654;;BRINKS TACUARAL;;
1178;;BUSINESS AND HEALTH;;
1179;;BUSINESS AND HEALTH;;
1180;;BUSINESS AND HEALTH MONTACOCHE;;
826;;C.N.S MATERNO INFANTIL;;
824;;C.N.S OFICINAS;;
1361;;C.N.S. HIS ROBORE;;
390;;C.N.S. HOSPITAL OBRERO;;
391;;C.N.S. HOSPITAL OBRERO;;
392;;C.N.S. HOSPITAL OBRERO;;
393;;C.N.S. HOSPITAL OBRERO;;
394;;C.N.S. HOSPITAL OBRERO;;
395;;C.N.S. HOSPITAL OBRERO;;
396;;C.N.S. HOSPITAL OBRERO;;
587;;C.N.S. HOSPITAL OBRERO;;
588;;C.N.S. HOSPITAL OBRERO;;
589;;C.N.S. HOSPITAL OBRERO;;
270;;CAJA BANCARIA (CLINICA NUCLEAR);;
311;;CAJA CORDES (LIDIA MENDOZA);;
721;;CAJA NACIONAL DE LA BANCA PRIVADA;;
1147;;CAJA PETROLERA EMBARBA (Emergencia);;
44;;CAJA PETROLERA ORONA (Oficina Adm.);;
45;;CAJA PETROLERA ORONA (Oficina Adm.);;
1145;;CAJA PETROLERA THYSSENKRUPP (Recepcion y Cocina);;
1146;;CAJA PETROLERA THYSSENKRUPP (Recepcion y Cocina);;
1148;;CAJA PETROLERA WITTUR (Manternidad dos Juntos);;
1149;;CAJA PETROLERA WITTUR (Manternidad dos Juntos);;
238;;CALLEJAS;;
457;;CAMILA;;
458;;CAMILA;;
58;;CAMINETTO;;
59;;CAMINETTO;;
60;;CAMINETTO;;
61;;CAMINETTO;;
212;;CAPELLA E.N.;;
809;;CAPILLA EL CARMEN (COPIJSU-MORMONES);;
250;;CASA PARAISO (BASCOPE);;
502;;CASA VICENTE;;
956;;CASONA MUNICIPAL;;
180;;CASTILLA;;
1192;;CATALINA RESOL;;
1193;;CATALINA RESOL;;
54;;CBA;;
55;;CBA;;
662;;CEDE CAFH;;
1157;;CENTRO COMERCIAL ABUNA;;
1158;;CENTRO COMERCIAL ABUNA;;
3;;CENTRO COMERCIAL NORTE;;
4;;CENTRO COMERCIAL NORTE;;
575;;CENTRO COMERCIAL NORTE;;
576;;CENTRO COMERCIAL NORTE;;
523;;CENTRO COMERCIAL SANTIAGO A (BIG SUR);;
522;;CENTRO COMERCIAL SANTIAGO B (BIG SUR);;
596;;CENTRO COMERCIAL SANTIAGO ESC (BIG SUR);;
28;;CENTRO COMERCIAL URUBO;;
29;;CENTRO COMERCIAL URUBO;;
579;;CENTRO COMERCIAL URUBO ESC.;;
334;;CENTRO DE LA MUJER RENGEL (C.E.M);;
335;;CENTRO DE LA MUJER RENGEL (C.E.M);;
846;;CENTRO PARA EL ADULTO MAYOR MI NUEVO HOGAR;;
245;;CHIQUITANA;;
246;;CHIQUITANA;;
244;;CHIQUITANA C;;
135;;CHRONOS;;
136;;CHRONOS;;
344;;CINE CENTER ASCENSORES;;
345;;CINE CENTER ASCENSORES;;
594;;CINE CENTER ESCALERAS;;
595;;CINE CENTER ESCALERAS;;
261;;CIRCULO DE AMIGOS;;
26;;CLARO DE LUNA (CLINICA ROCA);;
174;;CLAUDIO ESCOBAR;;
650;;CLINICA BRAZIL ( CLINICA DEL HIGADO - ALVAREZ );;
120;;CLINICA BUENA SALUD;;
681;;CLINICA CHIHUAHUA;;
76;;CLINICA ECODENT;;
16;;CLINICA INCOR CENTRAL;;
17;;CLINICA INCOR CENTRAL;;
155;;CLINICA INCOR II;;
156;;CLINICA INCOR II;;
89;;CLINICA MONTALVO;;
88;;CLINICA MONTALVO (PONCE LEON);;
456;;CLINICA NUCLEAR II;;
124;;CLINICA SUIZA (RIVERA) (parado Cliente);;
125;;CLINICA SUIZA (RIVERA) (parado Cliente);;
452;;COACOM;;
329;;COLINAS DEL URUBO (OBRA 2007 GUIDO BRAVO);;
2;;COLOMBIA;;
74;;COMERCIAL SANTIAGO A;;
960;;CONALTID;;
961;;CONALTID;;
141;;CONAVI;;
287;;COND.BRASIL;;
303;;CONDADO;;
426;;CONDADO II;;
105;;CONDADO III;;
106;;CONDADO III;;
1077;;CONDADO IV;;
1078;;CONDADO IV;;
477;;CONDOMINIO 25;;
665;;CONDOMINIO ARIA;;
330;;CONDOMINIO DOS;;
331;;CONDOMINIO DOS;;
674;;CONDOMINIO LOS LIRIOS;;
284;;CONDOMINIO UNO;;
285;;CONDOMINIO UNO;;
972;;CONDOMINIO VERTICAL;;
973;;CONDOMINIO VERTICAL;;
288;;CONQUISTADOR;;
299;;COSTA AZUL;;
300;;COSTA AZUL;;
301;;COSTA AZUL;;
540;;COSTANERA;;
541;;COSTANERA;;
1303;;COSTANERA BLU DEPARTAMENTOS DUPLEX;;
1304;;COSTANERA BLU DEPARTAMENTOS DUPLEX;;
1305;;COSTANERA BLU HOTEL TRIPLEX;;
1306;;COSTANERA BLU HOTEL TRIPLEX;;
1307;;COSTANERA BLU HOTEL TRIPLEX;;
1308;;COSTANERA BLU PANORAMICO SIMPLEX;;
112;;COVARRUBIA;;
369;;COZUMEL;;
370;;COZUMEL;;
371;;COZUMEL;;
372;;COZUMEL;;
447;;CRE II(CRE OFICINAS);;
294;;CRE PARQUEOS;;
233;;CRISTIANI II;;
234;;CRISTIANI II;;
296;;CRISTO REY;;
340;;CUBO;;
422;;CUBO II (AQUA FIT);;
423;;CUBO II (AQUA FIT);;
14;;CUPESI;;
15;;CUPESI;;
431;;CURUPAU;;
432;;CURUPAU;;
511;;CURUPAU II;;
512;;CURUPAU II;;
513;;CURUPAU II;;
265;;CURUPAU III;;
266;;CURUPAU III;;
267;;CURUPAU III;;
408;;CURUPAU III PARQUEO;;
109;;CURUPAU III TORRE II;;
110;;CURUPAU III TORRE II;;
111;;CURUPAU III TORRE II;;
409;;CURUPAU PARAGUA;;
410;;CURUPAU PARAGUA;;
411;;CURUPAU PARAGUA;;
515;;DELTA III;;
530;;DELTA IV;;
242;;DIAMANTE (MORENO);;
503;;DISART;;
504;;DISART;;
218;;DON CARLOS;;
1181;;DON CHOCO (MUTUALISTA);;
461;;DON PEPE;;
440;;DOS HERMANAS (Azul);;
441;;DOS HERMANAS (Azul);;
442;;DOS HERMANAS (Azul);;
51;;DOS HERMANAS II (Amarilla);;
52;;DOS HERMANAS II (Amarilla);;
53;;DOS HERMANAS II (Amarilla);;
544;;DOS HERMANAS III (Naranja);;
545;;DOS HERMANAS III (Naranja);;
546;;DOS HERMANAS III (Naranja);;
131;;DUMBO;;
43;;DUNAS;;
603;;EDIFICIO SANTA FE;;
604;;EDIFICIO SANTA FE;;
536;;EL CARMEN;;
381;;EL TROMPILLO;;
257;;ELIANE;;
66;;ENCINAS;;
283;;EQUANTA;;
276;;EQUIPETROL I;;
277;;EQUIPETROL I;;
278;;EQUIPETROL I;;
279;;EQUIPETROL I;;
282;;EQUIPETROL I;;
324;;EQUIPETROL II;;
325;;EQUIPETROL II;;
126;;EQUIPETROL SUITE (CHAIN);;
424;;ESPERANZA;;
425;;ESPERANZA;;
30;;Esperanza (Castillo);;
625;;ESTUDIO EQUIPETROL SUANT A;;
443;;EUROPEO;;
444;;EUROPEO;;
445;;EUROPEO;;
446;;EUROPEO;;
161;;EVOLUTION TORRE 3 (EVOLUTION);;
364;;FAC. CONT PUBLICA (contaduria Publica);;
455;;FAC. CS JURIDICAS;;
433;;FAC. CS. HABITAD (ARQUITECTURA);;
308;;FAC. CS. HUMANAS (BIOQUIMICA);;
363;;FAC. ING. COMERCIAL;;
533;;FAC. POLITECNICA (ACHACHAIRU);;
656;;FAC. VETERINARIO (TORRE EQUIS);;
230;;FACULTAD CIENCIAS EXACTAS;;
241;;FACULTAD CS. ECONOMICAS Y FINANCIERAS;;
1318;;FACULTAD DE CIENCIAS DE LA SALUD HUMANA MOD 281;;
1309;;FACULTAD DE CIENCIAS ECONOMICAS;;
1450;;FACULTAD DE CIENCIAS ECONOMICAS;;
1183;;FACULTAD DE CIENCIAS EXACTAS (EMBARBA);;
1184;;FACULTAD DE CIENCIAS EXACTAS (EMBARBA);;
1291;;FACULTAD DE CIENCIAS JURIDICAS MODULO 284;;
1292;;FACULTAD DE CIENCIAS JURIDICAS MODULO 284;;
1293;;FACULTAD DE CONTADURIA PUBLICA MODULO 214;;
1294;;FACULTAD DE CONTADURIA PUBLICA MODULO 214;;
362;;FACULTAD DE HUMANIDADES (U.A.G.R.M. F HUM);;
118;;FAMILIA DE LA ROSA (PETROPLUS);;
486;;FAMILIA LI (MARTINEZ);;
532;;FAMOSA;;
590;;FAMOSA;;
591;;FAMOSA;;
1476;;FASSIL ARGAMOSA;;
1518;;FASSIL BOLIVAR;;
1519;;FASSIL BOLIVAR;;
273;;FENIX;;
117;;FIDALGA EQUIPETROL;;
119;;FIDALGA EQUIPETROL;;
573;;FIDALGA EQUIPETROL (ESC);;
574;;FIDALGA EQUIPETROL (ESC);;
47;;FIGUEROA (CEMIFA);;
31;;FINNI LAGER;;
101;;FIORI;;
102;;FIORI;;
316;;FLAMBOYAN;;
317;;FLAMBOYAN;;
157;;FRAGATA TOWER;;
732;;FREMAR;;
269;;FULTON;;
137;;FUNDACORP (CLINICA INCOR - FUNDACION);;
262;;GABRIELA;;
861;;GALENICA (MULTIFAMILIAR MENDOSA);;
1091;;GARCIA LARREA (EX MUTUALISTA);;
367;;GARDENIAS;;
368;;GARDENIAS;;
685;;GAVIOTAS (DANIELA);;
170;;GENESIS(GOLDEN);;
643;;GERANIOS (LP);;
644;;GERANIOS (LP);;
645;;GERANIOS (LP);;
646;;GERANIOS (LP);;
647;;GERANIOS (LP);;
648;;GERANIOS (LP);;
615;;GOLF;;
72;;GONZALES;;
361;;GRAN LOGIA DE BOLIVIA;;
524;;GRANADA;;
525;;GRANADA;;
508;;HIELO NEVADA (ABUAWAD);;
683;;Hipermaxi (CBA);;
651;;HORIZONTES (LP);;
1197;;HOSPITAL DE MONTERO;;
1198;;HOSPITAL DE MONTERO;;
1200;;HOSPITAL DE MONTERO;;
1201;;HOSPITAL DE MONTERO;;
1202;;HOSPITAL DE MONTERO;;
1203;;HOSPITAL DE MONTERO;;
1204;;HOSPITAL DE MONTERO;;
1205;;HOSPITAL DE MONTERO;;
67;;HOSPITAL DE NIÑOS;;
142;;HOSPITAL HERNANDEZ VERA;;
698;;HOSPITAL JAPONES;;
744;;HOSPITAL JAPONES;;
906;;HOSPITAL SAN JUAN DE DIOS;;
171;;HOTEL AHO (ORTIZ);;
56;;HOTEL BV (NELVA MARIA);;
57;;HOTEL BV (NELVA MARIA);;
175;;HOTEL CORTEZ;;
176;;HOTEL CORTEZ;;
627;;HOTEL CORTEZ;;
177;;HOTEL CORTEZ SERVICIO;;
616;;HOTEL EBANO (HOTEL SILES);;
659;;HOTEL HAMPTON (BRISAS SERVICIO);;
657;;HOTEL HAMPTON (LAS BRISAS SOCIAL);;
658;;HOTEL HAMPTON (LAS BRISAS SOCIAL);;
5;;HOTEL LAS AMERICAS;;
427;;HOTEL LP;;
788;;HOTEL LP2 (Equipetrol);;
789;;HOTEL LP2 (Equipetrol);;
467;;HOTEL MISIONAL;;
468;;HOTEL MISIONAL;;
286;;HOTEL SUIZA;;
207;;HOTEL TORRE EJECUTIVO (NAPOLI);;
220;;HUGO ESCOBAR;;
352;;IBIZA;;
75;;IBIZA SKY;;
453;;IC NORTE ASCENSORES;;
454;;IC NORTE ASCENSORES;;
571;;IC NORTE ESCALERAS;;
572;;IC NORTE ESCALERAS;;
73;;IFE;;
816;;IGNACIO (CIRO MORALES);;
817;;IGNACIO (CIRO MORALES);;
63;;IMCRUZ;;
405;;INBOCCALUPO (APART HOTEL C4E);;
666;;INDACOCHEA;;
677;;INDANA;;
1110;;INDANA;;
428;;INDEPENDENCIA (BURGOS);;
509;;INGAVI;;
510;;INGAVI;;
1528;;INIZIO;;
663;;ITAGUAZU;;
664;;ITAGUAZU;;
652;;ITAIPU (LP);;
179;;ITAUBA;;
274;;JACARANDA;;
275;;JACARANDA;;
781;;JACARANDA II (LANDIVAR);;
462;;JADE;;
463;;JADE;;
518;;JARDIN SUR (JARDIN AZUL);;
519;;JARDIN SUR (JARDIN AZUL);;
635;;JAZMINES DEL PARQUE;;
636;;JAZMINES DEL PARQUE;;
632;;JAZMINES DEL PARQUE TORRE II;;
633;;JAZMINES DEL PARQUE TORRE II;;
1187;;JERICO;;
1188;;JERICO;;
516;;JO;;
669;;JORDANIA;;
670;;JORDANIA;;
94;;JORES;;
1523;;JULIO CESAR;;
343;;KADOS;;
38;;KALAMARI;;
32;;KINKA (CRISTINA);;
33;;KINKA (CRISTINA);;
347;;KOLPING;;
348;;KOLPING;;
349;;KOLPING;;
122;;KOLPING (INTERLLANTAS);;
570;;KOLPING GEN;;
208;;LA BENDICION;;
209;;LA BENDICION;;
355;;LA CASONA;;
356;;LA CASONA;;
357;;LA CASONA;;
358;;LA CASONA;;
359;;LA CASONA;;
302;;LA FLORESTA;;
580;;LA RIVIERA BEAUTY PLAZA (ESCALERAS);;
581;;LA RIVIERA BEAUTY PLAZA (ESCALERAS);;
582;;LA RIVIERA BEAUTY PLAZA (ESCALERAS);;
583;;LA RIVIERA BEAUTY PLAZA (ESCALERAS);;
584;;LA RIVIERA BEAUTY PLAZA (ESCALERAS);;
585;;LA RIVIERA BEAUTY PLAZA (ESCALERAS);;
552;;LA RIVIERA BEAUTY PLAZA A;;
553;;LA RIVIERA BEAUTY PLAZA B;;
649;;LABORATORIOS IFA (ACHACHAIRU II);;
339;;LANDEAU;;
213;;LARES DEL PARQUE URBANO;;
214;;LARES DEL PARQUE URBANO;;
215;;LARES DEL PARQUE URBANO;;
448;;LARES LAS PALMAS;;
231;;LAS LOMAS;;
232;;LAS LOMAS;;
295;;LAS ORQUIDEAS;;
398;;LAS ORQUIDEAS;;
289;;LAS PALMAS;;
290;;LAS PALMAS;;
291;;LAS PALMAS;;
107;;LAS PALMAS BRICK;;
489;;LAS PALMAS II Montpellier;;
259;;LAS PALMERAS (DON PEDRITO);;
260;;LAS PALMERAS (DON PEDRITO);;
162;;LAS VIOLETAS;;
449;;LEDEZMA;;
378;;LEMANS ASCENSORES;;
586;;LEMANS ESCALERAS;;
439;;LEMOINE;;
672;;LIBERTAD;;
20;;LOS ANGELES (GUILLARTE UZQUEDA);;
936;;LOS ANGELES II;;
328;;LOS BALCONES;;
163;;LOS CLAVELES;;
350;;LOS PALTOS(LA SOLUCION);;
85;;LOS TUSEQUIS;;
640;;LOS TUSEQUIS;;
641;;LOS TUSEQUIS;;
639;;LOZA;;
251;;LUJAMAR (CASA PARAISO);;
338;;MACORORO II;;
415;;MACORORO III;;
485;;MACORORO IV;;
520;;MACORORO V;;
521;;MACORORO V;;
205;;MACORORO VI;;
206;;MACORORO VI;;
36;;MACORORO VII;;
37;;MACORORO VII;;
557;;MACORORO VIII;;
558;;MACORORO VIII;;
559;;MACORORO VIII;;
560;;MACORORO VIII;;
679;;MADRID;;
680;;MADRID;;
318;;MALL GRIGOTA;;
222;;MALL NEW YORK;;
947;;MALL NORTE (MONTERO);;
948;;MALL NORTE (MONTERO);;
526;;MALL SANTA CRUZ;;
733;;MALLORCA;;
382;;MANGABEIRA (SUANT URBARI);;
386;;MANGABEIRA (SUANT URBARI);;
718;;MANGOS VENTURA;;
158;;MARBELLA;;
159;;MARBELLA;;
547;;MARCEL;;
548;;MARCEL;;
95;;MARCO (LAS CUTAS);;
132;;MARFIL;;
133;;MARFIL;;
172;;MATT;;
173;;MATT;;
237;;MAYDA;;
130;;MENACHO ANTELO;;
254;;MENESES;;
1121;;MENORCA;;
193;;MERSUR (SAN FRANCISCO II-SURUTU);;
687;;MI PEQUEÑO CUPESI (CARDENAS);;
138;;MINT;;
139;;MINT;;
6;;MIRAGE;;
7;;MIRAGE;;
8;;MIRAGE;;
675;;MIRANDA;;
465;;MISTIC;;
466;;MISTIC;;
600;;MISTIC;;
505;;MOCAPINI (TORRE ALFA);;
35;;MOCAPINI II;;
1246;;MODELO;;
18;;MONICA;;
103;;MONSANT;;
104;;MONSANT;;
599;;MONTE VERDE;;
478;;MONTERREY;;
400;;MS SUANT (MERY SUAREZ);;
401;;MS SUANT (MERY SUAREZ);;
210;;MULTIPARTES;;
211;;MULTIPARTES;;
556;;MULTIPARTES CHUCHIO;;
306;;MURANO - TITANIUM (CBBA);;
429;;MURANO - TITANIUM (CBBA);;
430;;MURANO - TITANIUM (CBBA);;
239;;MYTHOS A;;
236;;MYTHOS B;;
671;;NACIONAL SEGUROS (ELEGANCE);;
92;;OASIS;;
93;;OASIS;;
34;;ODONTOCLINICA;;
84;;ONCOS;;
1381;;OPTICORP (OPTICA TARIJA RESOL);;
1511;;ORGANO JUDICIAL LA PAZ;;
1512;;ORGANO JUDICIAL LA PAZ;;
1513;;ORGANO JUDICIAL LA PAZ;;
1096;;ORGANO JUDICIAL SANTA CRUZ;;
1097;;ORGANO JUDICIAL SANTA CRUZ;;
1098;;ORGANO JUDICIAL SANTA CRUZ;;
1099;;ORGANO JUDICIAL SANTA CRUZ;;
1100;;ORGANO JUDICIAL SANTA CRUZ;;
1101;;ORGANO JUDICIAL SANTA CRUZ;;
1275;;ORQUIDEAS RESOL;;
235;;ORTE (BUSCH);;
517;;ORTE II;;
69;;PALM BEACH;;
70;;PALM BEACH;;
114;;PALMA AZUL;;
39;;PALMA BLANCA (PALMAS MONTAÑO);;
332;;PALMA REAL;;
469;;PANORAMA;;
470;;PANORAMA;;
326;;PARQUE URBANO;;
327;;PARQUE URBANO;;
127;;PARQUEO IRALA (DRESCO);;
1526;;PARQUEO SAGUAPAC;;
1527;;PARQUEO SAGUAPAC;;
412;;PATUJU;;
413;;PATUJU;;
21;;PENNAZZI;;
686;;PIRIAPOLIS;;
86;;PLATINIUM EQUIPETROL;;
87;;PLATINIUM EQUIPETROL;;
224;;PLATINIUM EQUIPETROL A;;
225;;PLATINIUM EQUIPETROL B;;
226;;PLATINIUM EQUIPETROL C;;
227;;PLATINIUM EQUIPETROL D;;
437;;PLATINUM;;
403;;PLAZA GUAPAY (VIVIENDA GUAPAY);;
404;;PLAZA GUAPAY (VIVIENDA GUAPAY);;
223;;PONCE;;
169;;PORTAL DE TARIJA;;
240;;PORTEZUELO;;
614;;PORTOFINO III (PORTO FINO II);;
1196;;POST GRADO FICH;;
434;;PREFECTURA (PNUD);;
713;;PRELUDIO;;
690;;PREMIUM SUITES CORNER;;
459;;PROSALUD ALEMANA;;
1242;;PROSALUD ALEMANA;;
476;;PROSALUD RAMADA(DELTA II);;
416;;PROVIDENCIA;;
373;;PUNTA DEL ESTE;;
374;;PUNTA DEL ESTE;;
375;;PUNTA DEL ESTE;;
637;;RADISSON CLUB EJECUTIVO (UBC CLUB EJECUTIVO);;
638;;RADISSON CLUB EJECUTIVO (UBC CLUB EJECUTIVO);;
925;;RADISSON COCINA (UBC COCINA);;
668;;RADISSON HOTEL SERVICIOS (UBC ADMINISTRATIVO);;
676;;RADISSON HOTEL SERVICIOS (UBC ADMINISTRATIVO);;
606;;RADISSON PANORAMICO A (UBC PANORAMICO A);;
607;;RADISSON PANORAMICO A (UBC PANORAMICO A);;
605;;RADISSON PANORAMICO C (UBC PANORAMICO C);;
256;;RENACER;;
1517;;RENACER;;
13;;RENGEL;;
896;;RESIDENCIAS LA RIVIERA(LA RIVIERA);;
897;;RESIDENCIAS LA RIVIERA(LA RIVIERA);;
898;;RESIDENCIAS LA RIVIERA(LA RIVIERA);;
899;;RESIDENCIAS LA RIVIERA(LA RIVIERA);;
168;;RIVIERA LAS PALMAS;;
268;;ROLEA CENTER (SPORTMED);;
539;;ROMA;;
243;;ROSEDAL (MORENO);;
531;;ROSSEL;;
397;;SABSA AREA 3 (LADO ESCALERA SUR);;
598;;SABSA ESCALERA SUR;;
597;;SABSA ESCALERAS NORTE;;
1104;;SABSA INTERNACIONAL;;
247;;SALTO EL CRISTO;;
248;;SALTO EL CRISTO;;
249;;SALTO EL CRISTO;;
108;;SALTO EL CRISTO PENTHOUSE;;
280;;SAN ANTONIO;;
281;;SAN ANTONIO;;
490;;SAN FRANCISCO;;
491;;SAN FRANCISCO;;
492;;SAN FRANCISCO;;
493;;SAN FRANCISCO;;
494;;SAN FRANCISCO;;
495;;SAN FRANCISCO;;
496;;SAN FRANCISCO;;
497;;SAN FRANCISCO;;
498;;SAN FRANCISCO;;
499;;SAN FRANCISCO;;
500;;SAN FRANCISCO;;
501;;SAN FRANCISCO;;
194;;SAN FRANCISCO II;;
195;;SAN FRANCISCO II;;
196;;SAN FRANCISCO II;;
197;;SAN FRANCISCO II;;
198;;SAN FRANCISCO II;;
199;;SAN FRANCISCO II;;
200;;SAN FRANCISCO II;;
201;;SAN FRANCISCO II;;
414;;SAN GABRIEL;;
22;;SAN JORGE;;
23;;SAN JORGE;;
24;;SAN JORGE;;
435;;SAN MARTIN;;
436;;SAN MARTIN;;
353;;SAN MIGUEL;;
354;;SAN MIGUEL;;
221;;SAN SIMON;;
12;;SAN SIMON II (DON SIMON);;
82;;SANJINEZ;;
1092;;SANTA BARBARA;;
514;;SANTA LUCIA (URBARI IV);;
263;;SANTA MARIA I;;
264;;SANTA MARIA I;;
307;;SANTA MARIA II;;
622;;SANTA MONICA A;;
623;;SANTA MONICA B;;
624;;SANTA MONICA C;;
626;;SANTA MONICA D;;
48;;SANTORINI;;
49;;SANTORINI;;
46;;SHALOM;;
693;;SIBARIS;;
80;;SIRARI;;
81;;SIRARI;;
617;;SMART STUDIO EQUIPE 1.0;;
673;;SOBODE (LOFT);;
642;;SOL DE SEPTIEMBRE;;
527;;SOLARIS (ALEMANA);;
528;;SOLARIS (ALEMANA);;
529;;SOLARIS (ALEMANA);;
798;;SOSA;;
406;;SPAZIO;;
407;;SPAZIO;;
619;;STUDIO EQUIPETROL SUANT B;;
341;;SUANT AMERICA;;
342;;SUANT AMERICA;;
1214;;SUMUQUE;;
1380;;TAKAGAKI;;
77;;TAKAGAKI (BRINKS);;
1362;;TAMISA;;
1363;;TAMISA;;
1049;;TANNAT;;
271;;TELLERIA;;
272;;TELLERIA;;
741;;TERRACORP;;
420;;TERRAZAS (DON EDGAR);;
421;;TERRAZAS (DON EDGAR);;
346;;THE LOFT;;
333;;TIGO PARAGUA (TELECEL);;
160;;TIGO VIEDMAN (TIGO);;
9;;TORRE ALAS;;
10;;TORRE ALAS;;
228;;TORRE ALAS;;
736;;TORRE ALAS II;;
737;;TORRE ALAS II;;
65;;TORRE ALAS PANORAMICO;;
64;;TORRE ALAS PARQUEO A;;
41;;TORRE ALICIA;;
42;;TORRE ALICIA;;
216;;TORRE BERLIN;;
217;;TORRE BERLIN;;
438;;TORRE BLANCA;;
549;;TORRE CENTRUM;;
550;;TORRE CENTRUM;;
551;;TORRE CENTRUM;;
506;;TORRE DEL PARQUE CENTRAL;;
507;;TORRE DEL PARQUE CENTRAL;;
181;;TORRE INGAVI II;;
182;;TORRE INGAVI II;;
183;;TORRE INGAVI II;;
229;;TORRE MARABOL;;
379;;TORRE MILAN (MILANO);;
380;;TORRE MILAN (MILANO);;
542;;TORRE MURANO (LPZ);;
543;;TORRE MURANO (LPZ);;
873;;TORRE NORTE (CIUDAD JARDIN);;
602;;TORRE OLGA (VIVIENDA POVEDA);;
99;;TORRE OLIMPO;;
100;;TORRE OLIMPO;;
655;;TORRE REAL;;
694;;TORRE REAL;;
537;;TORRE ROCA;;
538;;TORRE ROCA;;
561;;TORRE SOHO;;
562;;TORRE SOHO;;
563;;TORRE SOHO;;
564;;TORRE SOHO;;
164;;TORRE SUANT ISUTO;;
165;;TORRE SUANT ISUTO;;
166;;TORRE SUANT ISUTO;;
167;;TORRE SUANT ISUTO;;
252;;TORRE VERSALLES;;
253;;TORRE VERSALLES;;
729;;TORRE X;;
730;;TORRE X;;
731;;TORRE X;;
907;;TORRE X;;
1337;;TORRE ZENIT;;
1346;;TORRE ZENIT;;
360;;TORRES DEL PARQUE;;
384;;TORRES URBARI AZUL;;
385;;TORRES URBARI AZUL;;
388;;TORRES URBARI ROJA;;
389;;TORRES URBARI ROJA;;
383;;TORRES URBARI VERDE;;
387;;TORRES URBARI VERDE;;
535;;TRES CARABELAS TORRE NIÑA;;
534;;TRES CARABELAS TORRE PINTA;;
565;;TRES CARABELAS TORRE SANTA MARIA;;
566;;TRES CARABELAS TORRE SANTA MARIA;;
567;;TRES CARABELAS TORRE SANTA MARIA;;
319;;TRES TORRES;;
320;;TRES TORRES;;
321;;TRES TORRES;;
304;;TRIANA;;
365;;U.A.G.R.M. F. CS JUR;;
366;;U.A.G.R.M. LAB CS SALUD;;
151;;UBC AREA SERVICIO;;
143;;UBC COMERCIALES A;;
144;;UBC COMERCIALES B;;
145;;UBC OFICINAS A;;
146;;UBC OFICINAS B;;
147;;UBC OFICINAS C;;
148;;UBC OFICINAS D;;
149;;UBC PARQUEOS A;;
150;;UBC PARQUEOS B;;
292;;UDABOL;;
293;;UDABOL;;
297;;UDABOL;;
298;;UDABOL;;
312;;UDABOL;;
313;;UDABOL;;
314;;UDABOL;;
315;;UDABOL;;
592;;UDABOL ESCALERAS;;
593;;UDABOL ESCALERAS;;
1257;;UNIVERSIDAD CATOLICA SAN PABLO;;
376;;URBARI II;;
377;;URBARI II;;
471;;URBARI III;;
351;;URBARI SUR;;
479;;VELASCO;;
480;;VELASCO;;
712;;VERTICOLOR;;
487;;VICTOR;;
488;;VICTOR;;
305;;VICTORIA;;
660;;VICTORIA II;;
661;;VICTORIA II;;
184;;VILLA TOSCANA TORRE E (LA TOSCANA);;
185;;VILLA TOSCANA TORRE E (LA TOSCANA);;
191;;VILLA TOSCANA TORRE F (LA TOSCANA);;
192;;VILLA TOSCANA TORRE F (LA TOSCANA);;
186;;VILLA TOSCANA TORRE G (LA TOSCANA);;
187;;VILLA TOSCANA TORRE G (LA TOSCANA);;
189;;VILLA TOSCANA TORRE H (LA TOSCANA);;
190;;VILLA TOSCANA TORRE H (LA TOSCANA);;
129;;VIRGIN;;
83;;VISTA SANTOS DUMONT;;
1010;;VIVIENDA BOLIVAR SALVATIERRA (ROJAS - STOCK 6 - A);;
123;;VIVIENDA CORDOVA;;
203;;VIVIENDA JIMENEZ;;
68;;VIVIENDA PACHECO;;
1530;;VLADIMIR AYALA;;
684;;WAMACH;;
309;;WELLA;;
310;;WELLA;;
121;;YANBAL;;
399;;YORIMICHI;;
795;;YPFB BLOQUE 1 PRESIDENCIA PANORAMICO;;
793;;YPFB BLOQUE 2;;
794;;YPFB BLOQUE 2 PUBLICO;;
483;;ZAFIRO;;
484;;ZAFIRO;;
97;;ZAUDAIR (ZANDAIR);;
1529;;ZIRI EINS (STOCK LOMAS DEL SOL BLOQUE A);;
;;;;
;;;;
;;;;
;;;;
;;;;
;;;;
;;;;
;;;;
;;;;
;;;;
;;;;
;;;;
;;;;
;;;;
;;;;
;;;;
;;;;
;;;;
;;;;
;;;;
;;;;
;;;;
;;;;
;;;;
;;;;
;;;;
;;;;
;;;;
;;;;
;;;;
;;;;
;;;;
;;;;
;;;;
;;;;
;;;;
;;;;
;;;;
;;;;
;;;;
;;;;
;;;;
;;;;
;;;;
;;;;
;;;;
;;;;
;;;;
;;;;
;;;;
;;;;
;;;;
;;;;
;;;;
;;;;
;;;;
;;;;
;;;;
;;;;
;;;;
;;;;
;;;;
;;;;
;;;;
;;;;
;;;;
;;;;
;;;;
;;;;
;;;;
;;;;
;;;;
;;;;
;;;;
;;;;
;;;;
;;;;
;;;;
;;;;
;;;;
;;;;
;;;;
;;;;
;;;;
;;;;
;;;;
;;;;
;;;;
;;;;
;;;;
;;;;
;;;;
;;;;
;;;;
;;;;
;;;;
;;;;
;;;;
;;;;
;;;;
;;;;
;;;;
;;;;
;;;;
;;;;
;;;;
;;;;
;;;;
;;;;
;;;;
;;;;
;;;;
;;;;
;;;;
;;;;
;;;;
;;;;
;;;;
;;;;
;;;;
;;;;
;;;;
;;;;
;;;;
;;;;
;;;;
;;;;
;;;;
;;;;
;;;;
;;;;
;;;;
;;;;
;;;;
;;;;
;;;;
;;;;
;;;;
;;;;
;;;;
;;;;
;;;;
;;;;
;;;;
;;;;
;;;;
;;;;
;;;;
;;;;
;;;;
;;;;
;;;;
;;;;
;;;;
;;;;
;;;;
;;;;
;;;;
;;;;
;;;;
;;;;
;;;;
;;;;
;;;;
;;;;
;;;;
;;;;
;;;;
;;;;
;;;;
;;;;
;;;;
;;;;
;;;;
;;;;
;;;;
;;;;
;;;;
;;;;
;;;;
;;;;
;;;;
;;;;
;;;;
;;;;
;;;;
;;;;
;;;;
;;;;
;;;;
;;;;
;;;;
;;;;
;;;;
;;;;
;;;;
;;;;
;;;;
;;;;
;;;;
;;;;
;;;;
;;;;
;;;;
;;;;
;;;;
;;;;
;;;;
;;;;
;;;;
;;;;
;;;;
;;;;
;;;;
;;;;
;;;;
;;;;
;;;;
;;;;
;;;;
;;;;
;;;;
;;;;
;;;;
;;;;
;;;;
;;;;
;;;;
;;;;
;;;;
;;;;
;;;;
;;;;
;;;;
;;;;
;;;;
;;;;
;;;;
;;;;
;;;;
;;;;
;;;;
;;;;
;;;;
;;;;
;;;;
;;;;
;;;;
;;;;
;;;;
;;;;
;;;;
;;;;
;;;;
;;;;
;;;;
;;;;
;;;;
;;;;
;;;;
;;;;
;;;;
;;;;
;;;;
;;;;
;;;;
;;;;
;;;;
;;;;
;;;;
;;;;
;;;;
;;;;
;;;;
;;;;
;;;;
;;;;
;;;;
;;;;
;;;;
;;;;
;;;;
;;;;
;;;;
;;;;
;;;;
;;;;
;;;;
;;;;
;;;;
;;;;
;;;;
;;;;
;;;;
;;;;
;;;;
;;;;
;;;;
;;;;
;;;;
;;;;
;;;;
;;;;
;;;;
;;;;
;;;;
;;;;
;;;;
;;;;
;;;;
;;;;
;;;;
;;;;
;;;;
;;;;
;;;;
;;;;
;;;;
;;;;
;;;;
;;;;
;;;;
;;;;
;;;;
;;;;
;;;;
;;;;
;;;;
;;;;
;;;;
;;;;
;;;;
;;;;
;;;;
;;;;
;;;;
;;;;
;;;;
;;;;
;;;;
;;;;
;;;;
;;;;
;;;;
;;;;
;;;;
;;;;
;;;;
;;;;
;;;;
;;;;
;;;;
;;;;
;;;;
;;;;
;;;;
;;;;
;;;;
;;;;
;;;;
;;;;
;;;;
;;;;
;;;;
;;;;
;;;;
;;;;
;;;;
;;;;
;;;;
;;;;
;;;;
;;;;
;;;;
;;;;
;;;;
;;;;
;;;;
;;;;
;;;;
;;;;
;;;;
;;;;
;;;;
;;;;
;;;;
;;;;
;;;;
;;;;
;;;;
;;;;
;;;;
;;;;
;;;;
;;;;
;;;;
;;;;
;;;;
;;;;
;;;;
;;;;
;;;;
;;;;
;;;;
;;;;
;;;;
;;;;
;;;;
;;;;
;;;;
;;;;
;;;;
;;;;
;;;;
;;;;
;;;;
;;;;
;;;;
;;;;
;;;;
;;;;
;;;;
;;;;
;;;;
;;;;
;;;;
;;;;
;;;;
;;;;
;;;;
;;;;
;;;;
;;;;
;;;;
;;;;
;;;;
;;;;
;;;;
;;;;
;;;;
;;;;
;;;;
;;;;
;;;;
;;;;
;;;;
;;;;
;;;;
;;;;
;;;;
;;;;
;;;;
;;;;
;;;;
;;;;
;;;;
;;;;
;;;;
;;;;
;;;;
;;;;
;;;;
;;;;
;;;;
;;;;
;;;;
;;;;
;;;;
;;;;
;;;;
;;;;
;;;;
;;;;
;;;;
;;;;
;;;;
;;;;
;;;;
;;;;
;;;;
;;;;
;;;;
;;;;
;;;;
;;;;
;;;;
;;;;
;;;;
;;;;
;;;;
;;;;
;;;;
;;;;
;;;;
;;;;
;;;;
;;;;
;;;;
;;;;
;;;;
;;;;
;;;;
;;;;
;;;;
;;;;
;;;;
;;;;
;;;;
;;;;
;;;;
;;;;
;;;;
;;;;
;;;;
;;;;
;;;;
;;;;
;;;;
;;;;
;;;;
;;;;
;;;;
;;;;
;;;;
;;;;
;;;;
;;;;
;;;;
;;;;
;;;;
;;;;
;;;;
;;;;
;;;;
;;;;
;;;;
;;;;
;;;;
;;;;
;;;;
;;;;
;;;;
;;;;
;;;;
;;;;
;;;;
;;;;
;;;;
;;;;
;;;;
;;;;
;;;;
;;;;
;;;;
;;;;
;;;;
;;;;
;;;;
;;;;
;;;;
;;;;
;;;;
;;;;
;;;;
;;;;
;;;;
;;;;
;;;;
;;;;
;;;;
;;;;
;;;;
;;;;
;;;;
;;;;
;;;;
;;;;
;;;;
;;;;
;;;;
;;;;
;;;;
;;;;
;;;;
;;;;
;;;;
;;;;
;;;;
;;;;
;;;;
;;;;
;;;;
;;;;
;;;;
;;;;
;;;;
;;;;
;;;;
;;;;
;;;;
;;;;
;;;;
;;;;
;;;;
;;;;
;;;;
;;;;
;;;;
;;;;
;;;;
;;;;
;;;;
;;;;
;;;;
;;;;
;;;;
;;;;
;;;;
;;;;
;;;;
;;;;
;;;;
;;;;
;;;;
;;;;
;;;;
;;;;
;;;;
;;;;
;;;;
;;;;
;;;;
;;;;
;;;;
;;;;
;;;;
;;;;
;;;;
;;;;
;;;;
;;;;
;;;;
;;;;
;;;;
;;;;
;;;;
;;;;
;;;;
;;;;
;;;;
;;;;
;;;;
;;;;
;;;;
;;;;
;;;;
;;;;
;;;;
;;;;
;;;;
;;;;
;;;;
;;;;
;;;;
;;;;
;;;;
;;;;
;;;;
;;;;
;;;;
;;;;
;;;;
;;;;
;;;;
;;;;
;;;;
;;;;
;;;;
;;;;
;;;;
;;;;
;;;;
;;;;
;;;;
;;;;
;;;;
;;;;
;;;;
;;;;
;;;;
;;;;
;;;;
;;;;
;;;;
;;;;
;;;;
;;;;
;;;;
;;;;
;;;;
;;;;
;;;;
;;;;
;;;;
;;;;
;;;;
;;;;
;;;;
;;;;
;;;;
;;;;
;;;;
;;;;
;;;;
;;;;
;;;;
;;;;
;;;;
;;;;
;;;;
;;;;
;;;;
;;;;
;;;;
;;;;
;;;;
;;;;
;;;;
;;;;
;;;;
;;;;
;;;;
;;;;
;;;;
;;;;
;;;;
;;;;
;;;;
;;;;
;;;;
;;;;
;;;;
;;;;
;;;;
;;;;
;;;;
;;;;
;;;;
;;;;
;;;;
;;;;
;;;;
;;;;
;;;;
;;;;
;;;;
;;;;
;;;;
;;;;
;;;;
;;;;
;;;;
;;;;
;;;;
;;;;
;;;;
;;;;
;;;;
;;;;
;;;;
;;;;
;;;;
;;;;
;;;;
;;;;
;;;;
;;;;
;;;;
;;;;
;;;;
;;;;
;;;;
;;;;
;;;;
;;;;
;;;;
;;;;
;;;;
;;;;
;;;;
;;;;
;;;;
;;;;
;;;;
;;;;
;;;;
;;;;
;;;;
;;;;
;;;;
;;;;
;;;;
;;;;
;;;;
;;;;
;;;;
;;;;
;;;;
;;;;
;;;;
;;;;
;;;;
;;;;
;;;;
;;;;
;;;;
;;;;
;;;;
;;;;
;;;;
;;;;
;;;;
;;;;
;;;;
;;;;
;;;;
;;;;
;;;;
;;;;
;;;;
;;;;
;;;;
;;;;
;;;;
;;;;
;;;;
;;;;
;;;;
;;;;
;;;;
;;;;
;;;;
;;;;
;;;;
;;;;
;;;;
;;;;
;;;;
;;;;
;;;;
;;;;
;;;;
;;;;
;;;;
;;;;
;;;;
;;;;
;;;;
;;;;
;;;;
;;;;
;;;;
;;;;
;;;;
;;;;
;;;;
;;;;
;;;;
;;;;
;;;;
;;;;
;;;;
;;;;
;;;;
;;;;
;;;;
;;;;
;;;;
;;;;
;;;;
;;;;
;;;;
;;;;
;;;;
;;;;
;;;;
;;;;
;;;;
;;;;
;;;;
;;;;
;;;;
;;;;
;;;;
;;;;
;;;;
;;;;
;;;;
;;;;
;;;;
;;;;
;;;;
;;;;
;;;;
;;;;
;;;;
;;;;
;;;;
;;;;
;;;;
;;;;
;;;;
;;;;
;;;;
;;;;
;;;;
;;;;
;;;;
;;;;
;;;;
;;;;
;;;;
;;;;
;;;;
;;;;
;;;;
;;;;
;;;;
;;;;
;;;;
;;;;
;;;;
;;;;
;;;;
;;;;
;;;;
;;;;
;;;;
;;;;
;;;;
;;;;
;;;;
;;;;
;;;;
;;;;
;;;;
;;;;
;;;;
;;;;
;;;;
;;;;
;;;;
;;;;
;;;;
;;;;
;;;;
;;;;
;;;;
;;;;
;;;;
;;;;
;;;;
;;;;
;;;;
;;;;
;;;;
;;;;
;;;;
;;;;
;;;;
;;;;
;;;;
;;;;
;;;;
;;;;
;;;;
;;;;
;;;;
;;;;
;;;;
;;;;
;;;;
;;;;
;;;;
;;;;
;;;;
;;;;
;;;;
;;;;
;;;;
;;;;
;;;;
;;;;
;;;;
;;;;
;;;;
;;;;
;;;;
;;;;
;;;;
;;;;
;;;;
;;;;
;;;;
;;;;
;;;;
;;;;
;;;;
;;;;
;;;;
;;;;
;;;;
;;;;
;;;;
;;;;
;;;;
;;;;
;;;;
;;;;
;;;;
;;;;
;;;;
;;;;
;;;;
;;;;
;;;;
;;;;
;;;;
;;;;
;;;;
;;;;
;;;;
;;;;
;;;;
;;;;
;;;;
;;;;
;;;;
;;;;
;;;;
;;;;
;;;;
;;;;
;;;;
;;;;
;;;;
;;;;
;;;;
;;;;
;;;;
;;;;
;;;;
;;;;
;;;;
;;;;
;;;;
;;;;
;;;;
;;;;
;;;;
;;;;
;;;;
;;;;
;;;;
;;;;
;;;;
;;;;
;;;;
;;;;
;;;;
;;;;
;;;;
;;;;
;;;;
;;;;
;;;;
;;;;
;;;;
;;;;
;;;;
;;;;
;;;;
;;;;
;;;;
;;;;
;;;;
;;;;
;;;;
;;;;
;;;;
;;;;
;;;;
;;;;
;;;;
;;;;
;;;;
;;;;
;;;;
;;;;
;;;;
;;;;
;;;;
;;;;
;;;;
;;;;
;;;;
;;;;
;;;;
;;;;
;;;;
;;;;
;;;;
;;;;
;;;;
;;;;
;;;;
;;;;
;;;;
;;;;
;;;;
;;;;
;;;;
;;;;
;;;;
;;;;
;;;;
;;;;
;;;;
;;;;
;;;;
;;;;
;;;;
;;;;
;;;;
;;;;
;;;;
;;;;
;;;;
;;;;
;;;;
;;;;
;;;;
;;;;
;;;;
;;;;
;;;;
;;;;
;;;;
;;;;
;;;;
;;;;
;;;;
;;;;
;;;;
;;;;
;;;;
;;;;
;;;;
;;;;
;;;;
;;;;
;;;;
;;;;
;;;;
;;;;
;;;;
;;;;
;;;;
;;;;
;;;;
;;;;
;;;;
;;;;
;;;;
;;;;
;;;;
;;;;
;;;;
;;;;
;;;;
;;;;
;;;;
;;;;
;;;;
;;;;
;;;;
;;;;
;;;;
;;;;
;;;;
;;;;
;;;;
;;;;
;;;;
;;;;
;;;;
;;;;
;;;;
;;;;
;;;;
;;;;
;;;;
;;;;
;;;;
;;;;
;;;;
;;;;
;;;;
;;;;
;;;;
;;;;
;;;;
;;;;
;;;;
;;;;
;;;;
;;;;
;;;;
;;;;
;;;;
;;;;
;;;;
;;;;
;;;;
;;;;
;;;;
;;;;
;;;;
;;;;
;;;;
;;;;
;;;;
;;;;
;;;;
;;;;
;;;;
;;;;
;;;;
;;;;
;;;;
;;;;
;;;;
;;;;
;;;;
;;;;
;;;;
;;;;
;;;;
;;;;
;;;;
;;;;
;;;;
;;;;
;;;;
;;;;
;;;;
;;;;
;;;;
;;;;
;;;;
;;;;
;;;;
;;;;
;;;;
;;;;
;;;;
;;;;
;;;;
;;;;
;;;;
;;;;
;;;;
;;;;
;;;;
;;;;
;;;;
;;;;
;;;;
;;;;
;;;;
;;;;
;;;;
;;;;
;;;;
;;;;
;;;;
;;;;
;;;;
;;;;
;;;;
;;;;
;;;;
;;;;
;;;;
;;;;
;;;;
;;;;
;;;;
;;;;
;;;;
;;;;
;;;;
;;;;
;;;;
;;;;
;;;;
;;;;
;;;;
;;;;
;;;;
;;;;
;;;;
;;;;
;;;;
;;;;
;;;;
;;;;
;;;;
;;;;
;;;;
;;;;
;;;;
;;;;
;;;;
;;;;
;;;;
;;;;
;;;;
;;;;
;;;;
;;;;
;;;;
;;;;
;;;;
;;;;
;;;;
;;;;
;;;;
;;;;
;;;;
;;;;
;;;;
;;;;
;;;;
;;;;
;;;;
;;;;
;;;;
;;;;
;;;;
;;;;
;;;;
;;;;
;;;;
;;;;
;;;;
;;;;
;;;;
;;;;
;;;;
;;;;
;;;;
;;;;
;;;;
;;;;
;;;;
;;;;
;;;;
;;;;
;;;;
;;;;
;;;;
;;;;
;;;;
;;;;
;;;;
;;;;
;;;;
;;;;
;;;;
;;;;
;;;;
;;;;
;;;;
;;;;
;;;;
;;;;
;;;;
;;;;
;;;;
;;;;
;;;;
;;;;
;;;;
;;;;
;;;;
;;;;
;;;;
;;;;
;;;;
;;;;
;;;;
;;;;
;;;;
;;;;
;;;;
;;;;
;;;;
;;;;
;;;;
;;;;
;;;;
;;;;
;;;;
;;;;
;;;;
;;;;
;;;;
;;;;
;;;;
;;;;
;;;;
;;;;
;;;;
;;;;
;;;;
;;;;
;;;;
;;;;
;;;;
;;;;
;;;;
;;;;
;;;;
;;;;
;;;;
;;;;
;;;;
;;;;
;;;;
;;;;
;;;;
;;;;
;;;;
;;;;
;;;;
;;;;
;;;;
;;;;
;;;;
;;;;
;;;;
;;;;
;;;;
;;;;
;;;;
;;;;
;;;;
;;;;
;;;;
;;;;
;;;;
;;;;
;;;;
;;;;
;;;;
;;;;
;;;;
;;;;
;;;;
;;;;
;;;;
;;;;
;;;;
;;;;
;;;;
;;;;
;;;;
;;;;
;;;;
;;;;
;;;;
;;;;
;;;;
;;;;
;;;;
;;;;
;;;;
;;;;
;;;;
;;;;
;;;;
;;;;
;;;;
;;;;
;;;;
;;;;
;;;;
;;;;
;;;;
;;;;
;;;;
;;;;
;;;;
;;;;
;;;;
;;;;
;;;;
;;;;
;;;;
;;;;
;;;;
;;;;
;;;;
;;;;
;;;;
;;;;
;;;;
;;;;
;;;;
;;;;
;;;;
;;;;
;;;;
;;;;
;;;;
;;;;
;;;;
;;;;
;;;;
;;;;
;;;;
;;;;
;;;;
;;;;
;;;;
;;;;
;;;;
;;;;
;;;;
;;;;
;;;;
;;;;
;;;;
;;;;
;;;;
;;;;
;;;;
;;;;
;;;;
;;;;
;;;;
;;;;
;;;;
;;;;
;;;;
;;;;
;;;;
;;;;
;;;;
;;;;
;;;;
;;;;
;;;;
;;;;
;;;;
;;;;
;;;;
;;;;
;;;;
;;;;
;;;;
;;;;
;;;;
;;;;
;;;;
;;;;
;;;;
;;;;
;;;;
;;;;
;;;;
;;;;
;;;;
;;;;
;;;;
;;;;
;;;;
;;;;
;;;;
;;;;
;;;;
;;;;
;;;;
;;;;
;;;;
;;;;
;;;;
;;;;
;;;;
;;;;
;;;;
;;;;
;;;;
;;;;
;;;;
;;;;
;;;;
;;;;
;;;;
;;;;
;;;;
;;;;
;;;;
;;;;
;;;;
;;;;
;;;;
;;;;
;;;;
;;;;
;;;;
;;;;
;;;;
;;;;
;;;;
;;;;
;;;;
;;;;
;;;;
;;;;
;;;;
;;;;
;;;;
;;;;
;;;;
;;;;
;;;;
;;;;
;;;;
;;;;
;;;;
;;;;
;;;;
;;;;
;;;;
;;;;
;;;;
;;;;
;;;;
;;;;
;;;;
;;;;
;;;;
;;;;
;;;;
;;;;
;;;;
;;;;
;;;;
;;;;
;;;;
;;;;
;;;;
;;;;
;;;;
;;;;
;;;;
;;;;
;;;;
;;;;
;;;;
;;;;
;;;;
;;;;
;;;;
;;;;
;;;;
;;;;
;;;;
;;;;
;;;;
;;;;
;;;;
;;;;
;;;;
;;;;
;;;;
;;;;
;;;;
;;;;
;;;;
;;;;
;;;;
;;;;
;;;;
;;;;
;;;;
;;;;
;;;;
;;;;
;;;;
;;;;
;;;;
;;;;
;;;;
;;;;
;;;;
;;;;
;;;;
;;;;
;;;;
;;;;
;;;;
;;;;
;;;;
;;;;
;;;;
;;;;
;;;;
;;;;
;;;;
;;;;
;;;;
;;;;
;;;;
;;;;
;;;;
;;;;
;;;;
;;;;
;;;;
;;;;
;;;;
;;;;
;;;;
;;;;
;;;;
;;;;
;;;;
;;;;
;;;;
;;;;
;;;;
;;;;
;;;;
;;;;
;;;;
;;;;
;;;;
;;;;
;;;;
;;;;
;;;;
;;;;
;;;;
;;;;
;;;;
;;;;
;;;;
;;;;
;;;;
;;;;
;;;;
;;;;
;;;;
;;;;
;;;;
;;;;
;;;;
;;;;
;;;;
;;;;
;;;;
;;;;
;;;;
;;;;
;;;;
;;;;
;;;;
;;;;
;;;;
;;;;
;;;;
;;;;
;;;;
;;;;
;;;;
;;;;
;;;;
;;;;
;;;;
;;;;
;;;;
;;;;
;;;;
;;;;
;;;;
;;;;
;;;;
;;;;
;;;;
;;;;
;;;;
;;;;
;;;;
;;;;
;;;;
;;;;
;;;;
;;;;
;;;;
;;;;
;;;;
;;;;
;;;;
;;;;
;;;;
;;;;
;;;;
;;;;
;;;;
;;;;
;;;;
;;;;
