1103015-1;CHAPA GALVANIZADA 2500*1250*1,5;6
1466122-1;TORNILLERIA EMPALME T50-A;5
1466123-1;TORNILLERIA EMPALME T65/A;5
1466124-1;GRUPO FIJACION PLACA DE EMPALME T-70, T-90A,T-90B(FC);8
1466130-1;PLACA DE EMPALME DE GUIAS T-65(FC);7
1466136-1;GRUPO FIJACION PLACA DE EMPALME T-50(FC);3
1466137-1;GRUPO FIJACION PLACA DE EMPALME T=70;7
2184034-2;PERFIL ZOCALO CABINA TDS LONGITUD=3200;8
3280010-1;BRIDA DE CHAPA SL-1;2
3280011-1;BRIDA DE CHAPA SL-2;3
3280012-1;BRIDA DE CHAPA SL-3 (FC);4
3301103-1;PLACA CIEGA CABINA MD-15;4
3301105-1;PULSANTE DE CABINA;4
3301107-1;PULSADOR METAL.DE CABINA CON HALO;6
3301109-75;"""""""CUERPO PULSADOR CABINA """"""""SIN INSCRIPC."""""""" """"""";6
3301109-71;CUERPO PULSADOR CABINA }APERTURA PUERTA };7
3301117-1;PULSANTE CABINA PARA LLAVE;3
3401101-1;CASQUILLO SELFOIL B-10-14-10/18-2;2
3401103-1;CASQUILLO SELFOIL A-10-15-10;5
3401105-1;CASQUILLO SELFOIL B-14-20-20/25-3;6
5102125-1;CABLE FLEXI.UNIP.H07V-K 2,5 M/M2 AZUL;3
5102139-2;MANGUERA CONEXION ILUMINACION L=0,6;7
5102156-1;TERMINAL DESNUDO TUBULAR 10MM2/TORNI.M6 (FC);1
5102170-1;MANGUITO PREAISLADO ROJO AMP REFERENCIA 34070;1
5102171-1;TERM.PREAIS.ROJ.FAST.HEMBRA 6,35X0,8AMP;1
5102175-1;TERMI.PREAIS.AZUL FASTON HEMBRA 6,35X0,8 EF 25063;1
5102178-1;TERMINALES BURNDY REFERENCIA FFYG25;1
5102186-1;CABLE CONEXION TELESERV.CON PDCC LINEA BUS CAN;8
5102192-1;TERM.REDOND.PREAIS.AZUL BORNAJE 5MM.(FH);1
5102195-1;TERMINAL AMP LENGUE.2,8X0,5 REFERENCIA 140821-1;1
5102201-1;TERMINAL OTTO RATING REFERENCIA 7796.0004;1
5102206-1;TERMINAL EMPALME ROJO 0,5-0,75 MM2 AMP 735410-0;1
5102207-1;TERMINAL EMPALME AZUL 1-2,5 MM2 AMP 735398-0;1
5102230-1;CABLE FLEXIBLE UNIP.H07V-K 4 MM2 MARRON;4
5102235-1;CABLE CONEXION PULSADORES PISO ARCA II L=70;5
5102235-2;CABLE CONEXION PULSADORES PISO ARCA II L=200;6
5102239-1;CABLE CONEXION PULSADORES PISO;5
5102252-1;CABLE CONEXION SEÑAL DE ALARMA CUADRO CABINA ARCA;3
5102280-1;CABLE CONEXION PLACAS DE BOTONERA (BUS);5
5102283-1;CABLE CONEXION PULSADORES ARCA;5
5102284-1;CABLE CONEXION PLACAS DE BOTONERA;4
5102294-1;CABLE CONEXION GONG DE PISO ARCA;8
5102329-1;CONEXION CORTA PARACAIDAS L=150;4
5102343-1;CABLE CONEXION PULSADOR OR02 L=0,8 MTS.;6
5102343-2;CABLE CONEXION PULSADOR ALARMA OR02 L=1.5MT;7
5102345-1;CABLE CONEXION LUZ EMERG./SOBRECARGA OR02;5
5102381-1;CABLE CONEXION VENTILADOR/ILUMINACION L=70;7
5102387-1;CABLE CONEXION INTERRUPTOR SIN REGISTRO (ARCA II) OR02;7
5102388-1;CABLE CONEXION PL.EXTENS. N=1 (ARCA II) OR02;5
5102445-1;CONEXION GUIAS A TIERRA L=4;7
5102519-1;CABLE CONEXION TELESERV.CON PDCC ALIMEN.PLACA TELESERVICIO;5
5102521-1;CONECTOR PUENTE ALIMENTACION ALARMA S/TELESERVICIO;8
5102538-1;CABLE TRANSMISION DATOS RJ 45(FC);6
5104067-1;CONDENSADOR ELECTROLIT.AXIAL 25UF 200V.;2
5104111-1;MODULO RC 0,47UF/220 OHM.-250V AC.(FC);4
5105015-1;REGLETA DE CONEXION 12 BORNAS 6 MM2 COLOR NEGRO(FC;4
5105018-1;REGLETA DE CONEXION 12 BORNAS 10 mm2 COLOR NEGRO;7
5105218-1;CONECTOR HEMBRA HZ PASO 5,08 2 5 POLOS (FH);2
5105219-1;CONECTOR HEMBRA HZ PASO 5,08 2 7 POLOS (FH);3
5105220-1;CONECTOR HEMBRA HZ PASO 5,08 2 3 POLOS (FH);2
5105224-1;CONECTOR HEMBRA HZ PASO 5,08 2 4 POLOS (FH);2
5105225-1;CONECTOR HEMBRA HZ PASO 5,08 2 POLOS (FH);1
5105300-1;CONECTOR HEMBRA MINI 4 POLOS (FC);2
5105301-1;CONECTOR HEMBRA VERTICAL 7 POLOS PASO 5,08 (FC);3
5105303-1;CONECTOR HEMBRA VERTICAL 2 POLOS PASO 5,08 (FC);1
5105304-1;CONECTOR HEMBRA VERTICAL 3 POLOS PASO 5,08 (FC);2
5105305-1;CONECTOR HEMBRA VERTICAL 4 POLOS PASO 5,08 (FC);2
5105306-1;CONECTOR HEMBRA VERTICAL 5 POLOS PASO 5,08 (FC);2
5105307-1;CONECTOR HEMBRA VERTICAL 9 POLOS PASO 5,08 (FC);4
5105308-1;CONECTOR HEMBRA VERTICAL 2 POLOS PASO 7,62 (FC);2
5105309-1;CONECTOR HEMBRA VERTICAL 3 POLOS PASO 7,62 (FC);2
5105310-1;CONECTOR HEMBRA VERTICAL 4 POLOS PASO 7,62 (FC);3
5105311-1;CONECTOR HEMBRA VERTICAL 5 POLOS PASO 7,62 (FC);3
5105312-1;CONECTOR HEMBRA VERTICAL 6 POLOS PASO 7,62 (FC);4
5105313-1;CONECTOR HEMBRA VERTICAL 7 POLOS PASO 7,62 (FC);4
5105314-1;CONECTOR HEMBRA VERTICAL 11 POLOS PASO 7,62 (FC);4
5105316-1;CONECTOR HEMBRA VERTICAL 12 POLOS PASO 5,08 (FC);5
5105318-1;CONECTOR HEMBRA VERTICAL 10 POLOS PASO 5,08 (FC);4
5105319-1;CONECTOR HEMBRA VERTICAL 6 POLOS PASO 5,08 (FC);3
5105322-1;CONECTOR HEMBRA CABLE PLANO 4 POLOS PASO 2,54 (FC);1
5105323-1;CONECTOR HEMBRA VERTICAL 8 POLOS PASO 5,08 (FC);4
5105326-1;CONECTOR HEMBRA HORIZONTAL 5 POLOS PASO 7,62 (FC);3
5105329-1;PIEZA CIEGA PHOENIX REF. MSTB-BL;1
5105334-1;CONECTOR HEMBRA VERTICAL 8 POLOS PASO 7,62 (FC);5
5105335-1;CONECTOR HEMBRA VERTICAL 9 POLOS PASO 7,62 (FC);5
5105342-7;CONECTOR 7 POLOS PHOENIX UMSTBVK 2,5/7-G-5,08 (FC);5
5105346-6;CONECTOR HEMBRA VERTICAL 6 POLOS PASO 3,81 (FC);3
5105346-2;CONECTOR HEMBRA VERTICAL 2 POLOS PASO 3,81 (FC);1
5110105-1;IMAN PERMANENTE PLASTICO STEM REFERENCIA MP P150 015 006  15 CM;4
5110106-1;IMAN PERMANENTE PLASTICO STEM REFERENCIA MP D080 020 006  CU/CO;3
5110107-1;IMAN PERMANENTE PLASTICO 300X15X6 (FC) 30cm;7
5110117-1;IMAN PERMANENTE PLASTICO STEM REFERENCIA MP P015 015 008V 1 CM;2
5110119-1;IMAN PERMANENTE PLASTICO 75X15X6 (FC)  7 CM;7
5110131-1;IMAN PERMANENTE PLASTICO STEM MF A020 004 010 (FC);1
5110132-1;IMAN PERMANENTE PLASTICO 120X15X6 (FC);2
5113059-1;PILOTO INDICADOR ROJO REFERENCIA KOPA M812OAR 24VDC;6
5113099-1;BOTON IMPULSOR FLECHA BLANCO G.E.P9ARBGB006 (FC);2
5113099-2;BOTON IMPULSOR FLECHA NEGRO G.E.P9ARBGN006 (FC);2
5113279-1;LAMPARA DE 24V 50MA ORBITEC B7311;6
5113437-1;TUERCA PULSADOR SERIE BF RF3;2
5113763-1;PULSADOR SUBIR BOTONERA INSPECCION M-55;7
5113818-1;PULS.LLAM.LLAV.SIN RETO.1 SALI.SGAR01 marc.BLAN.4#;0
5114024-1;PUENTE RECTIFICAD.FAGOR B380 C2000/1500;5
5114025-1;PUENTE RECTIF.SILICIO FAGOR B380 C1000;2
5114031-1;DIODO SILICIO BY-133 FAGOR;1
5114034-1;DIODO SILICIO 1N 4007 DO-41;1
5114058-1;DIODO SILICIO BY 255;1
5114065-1;VARISTOR V-130-LA 10A;1
5114066-1;VARISTOR 320V 20 JULIOS (FH);2
5114104-1;DIODO TVS TRANSIL 36V 1K5W BI-DIRECC. (FC);4
5114105-1;DIODO TVS TRANSIL 22V 0K6W BI-DIRECC. (FC);2
5118025-1;RESISTENCIA VNA 833 47 OHM.;5
5118050-1;RESISTENCIA AGLOMERADA CARBON 1/2W 27 OHMIOS;1
5118051-1;RESISTENCIA AGLOMERADA CARBON 1/2W 220 OHMIOS;1
5118052-1;RESISTENCIA AGLOMERADA CARBON 1/2W 1K OHMIOS;1
5118053-1;RESISTENCIA AGLOMERADA CARBON 1/2W 1K8 OHMIOS;1
5118056-1;RESISTENCIA AGLOMERADA CARBON 2W 1K5 OHMIOS;1
5118070-1;RESISTENCIA AGLOMERADA CARBON 2W 5K6 OHMIOS;1
5118076-1;RESISTENCIA VNA 6X33 500 OHMIOS 10W;6
5118080-1;RESISTENCIA BC8-220 OHM.DAVI;3
5118092-1;RESISTENCIA DAVILA BC-10 560 OHMIOS 10W;2
5118100-1;RESISTENCIA DE CARBON 180 OHMIOS 2W;1
5121088-1;CANAL RANURADO PVC 40X60 (FC) (CAJAS DE 24 MTS);5
5121121-1;BOLSA 100 BRIDA POLIAM.6.6 4.8X287(FC);6
5121121-2;BOLSA 100 BRIDA POLIAMIDA 6. 6 4. 8X287(FC);7
5121187-1;BRIDA DE POLIAMIDA 6.6 COLOR NATURAL 2.5X97.5(FC);1
5121188-1;BRIDA POLIAMIDA 6.6 COLOR NATURAL B-203/3,6 (FC);1
5121189-1;BRIDA POLIAMIDA 6.6 COLOR NATURAL B-368/4,8 (FC);1
5121203-1;CANAL RANURADO PVC GRIS DE 25X30 (FC);3
5123023-1;CONECTOR HEMBRA VERTICAL 8 POLOS PASO 5,08 (FC);2
5123027-1;SOPORTE SEPARADOR 4,7 M/M REFERENCIA ITW-254510/00/0164;1
5123056-1;ZUMBADOR SIDEVAN REFERENCIA S.A.A.E.24V C.C.;8
5123069-1;DISTANCIADOR METALICO 35mm.RICHCO HTSM-M4-35-7-2;2
5123087-1;CINTA DOBLE CARA TROQUELADA 25X5 mm REF.9087;1
5123093-1;LAMPARA PILOTO EMERGENCIA AKO 0,30 A 6 V;5
5123153-1;PANTALLA ROJA INDICADOR MAC TIPO E;3
5123206-1;SOPORTE PARA CIRCUITO IMPRESO RICHCO REFERENCIA LCBS-14N;1
5123209-1;SOPORTE C.I.RICHCO REF.PFP-7-01;1
5123228-1;"""""""CRISTAL TRANSPARENTE """"""""VELGLAS""""""""""""""";5
5123229-1;LLAVE CAJA SALA DE MAQUINAS (AGA A918);4
5123230-1;FRONTAL ROJO POLARIZADO DE 67,4X114X2;8
5123232-1;SOPORTE CIRCUITO IMPRESO RICHCO REFERENCIA LCBS-TM-14-01;2
5123235-1;SOPORTE CIRCUITO IMPRESO RICHCO REFERENCIA MB-3-156;1
5123236-1;SOPORTE CIRCUITO IMPRESO RICHCO REFERENCIA MB-5-156;1
5123239-1;SOPORTE CIRCUITO IMPRESO RICHCO REFERENCIA CBS-TFM-16;1
5123253-1;PLACA POWER CARD P-80 EMERGENZAMATIC;1
5123254-1;PLACA PILOTING CARD E.D.P. EM8O PU EMERG;1
5123263-1;SOPORTE CIRCUITO IMPRESO RICHCO REFERENCIA LCCBS.TF-9-01;1
5123266-1;SOPORTE C.I.RICHCO REF.LCBS-TM-M4-4 (6,4MM);2
5123269-1;TUERCA M-4 RICHCO REF.HN-M4-01;1
5123279-1;SEPARADOR RICHCO LCBS-5-3-01;1
5123430-1;PILA BOTONLITIO 3V,150MAH,20MM;2
5123435-1;CONO LEGRAND REFERENCIA 919.11;2
5123436-1;PRENSAESTOPAS DE PLASTICO PG-13,5;2
5123492-1;SOPORTE NYLON RICHCO REFERENCIA LCBS-8-10-01;1
5123494-1;CLIP DE MONTAJE REFERENCIA BPF-F4410 BK RICHCO;1
5123510-1;DESCARGADOR DE GAS 470V.(FC);6
5123511-1;DESCARGADOR DE GAS 1500V.(FC);8
5123531-1;FERRITA STEWARD REFERENCIA 28A2025-0A0;4
5123544-1;SEÑAL ADHESIVA PELIGRO DE MUERTE REF.AT491U200(FC);5
5123588-7;ARMARIO CENTRAL HIDRAULICA 1100X2000X1100;0
5123699-1;DISTANCIADOR METALICO MECANIZADO 70mm CON TOPE;3
6102001-1;CABLE GALVANIZADO GRUZADO DIA. 6 6*19S+AF;2
6102009-1;CABLE LIMITADOR DIAM. 6MM RECORRIDOS LARGOS (FC);5
6102020-1;"""""""SUJETACABLES DE 1/4"""""""" DIN-741 (FC)""""""";2
6102021-1;SUJETACABLES DE 1/4 PARA CABLE DE 8 (FC);3
6102022-1;"""""""SUJETACABLES DE 7/16"""""""" PARA CABLE DE 11 (FC) """"""";3
6102024-1;"""""""SUJETACABLES DE 5/16"""""""" PARA CABLE DE 8 (FC) """"""";3
6102025-1;"""""""SUJETACABLES DE 1/2"""""""" PARA CABLE DE 13 (FC)""""""";4
6102042-1;CABLE ARRASTRE CONTRAPESO D.1,8X1780LONG;6
6102053-1;CABLE SEALE PREFORMADO DIAM.9 8*19+1 (FC);6
6102056-1;CABLE SEALE PREFORMADO DIAM.8 8X19(5X7+1) (FC);6
6102060-1;"""""""TENSOR GALVANIZADO ABIERTO 3/16""""""""""""""";8
6103009-1;EMPALME CADENA PASO DE 6;2
6103021-3;CADENA ESLABÓN DE 2X10X20 Y 0,5MTS. DE LARGO;4
6107005-1;CHAVETA DE 10X8X70 DIN.6885-AA;2
6107007-1;CHAVETA DE 8X7X50 DIN.6885-AA;1
6107010-1;CHAVETA DE 20X12X60 DIN.6885-AB;5
6107013-1;CHAVETA DE 10X8X22 DIN.6885-AA;2
6107015-1;CHAVETA DE 10X8X50 DIN-6885-A;2
6107016-1;CHAVETA A 20X12X80 DIN-6885-AA;5
6107023-1;CHAVETA DE 12X8X120 DIN-6885-A;3
6107024-1;CHAVETA DE 12X8X50 DIN-6885-A;8
6107025-1;CHAVETA DE 20X12X100 DIN-6885-AB;6
6107028-1;CHAVETA DE 16X10X100 DIN-6885-A;4
6111003-1;TOPE A PRESION CON RANURA REFERENCIA 10152.;1
6111005-1;TOPE GOMA CIERRE PUERTA REF-5973;2
6111012-1;GOMA SOPORTE CABINA REFERENCIA 5060;2
6111015-1;TOPE GOMA NUEVA PUERTA;1
6111016-1;TOPE GOMA NUEVA PUERTA;1
6111017-1;TOPE GOMA NUEVA PUERTA;1
6111038-1;TOPE GOMA GUIAS MECANISMO CD-800;4
6111045-1;GOMA SUJECION MULTIPLE;2
6111051-1;JUNTA TORICA 85X78X3,5;2
6111052-1;JUNTA TORICA 114,56X107,5X3,53;3
6111059-1;JUNTA TORICA 89X97X4;3
6111060-1;JUNTA TORICA 129,77X136,83X3,53;4
6111069-1;JUNTA TORICA OR-101,27-2,62;2
6111072-1;JUNTA TORICA 95X102X3,5;4
6111149-1;GOMA EXPULSORA PULSANTE OR02;1
6111150-1;GOMA EXPULSORA PULSADOR BOT.ORONA_96;1
6112038-1;MARCO PARA INDICADOR Y FLECHAS;2
6113025-1;MUELLE GATILLO CIERRE ORONA_96;1
6113052-1;MUELLE A COMPR.D.HILO=2 DM=13 L=58;3
6113071-1;MUELLE A TRACCIÓN (FC);5
6113079-1;MUELLE A TRACCION 1,4DX12DMX57LONG.;3
6113086-1;MUELLE CERROJO SABIEM;1
6113089-1;MUELLE DISPOSIT.SEGURIDAD CERROJO;5
6113095-1;MUELLE PUERTA ARTICULADA;5
6113096-1;MUELLE PUERTA ARTICULADA;1
6113099-1;MUELLE CARRO CC-801;8
6113101-1;MUELLE A TRACC.D.HILO=1,5 DM=11 L=153,6;2
6113126-1;RESORTE A COMPRESION 2,8 d 28,8 Dm X 40 L.;3
6113135-1;MUELLE ELECTROFRENO O-140;5
6114009-1;"""""""ENGRASADOR TEKALEMIT 1/4"""""""" GAS""""""";3
6116009-1;ADHESIVO DESENCLAVAMIENTO PUERTA PISO;4
6116013-1;TARJETA CONTROL ACEITE MINERAL;3
6116021-1;AUTOADHESIVO ACEITE Y POSICION CABLES G02;6
6116026-1;PLACA GANCHO 500 Kg;5
6116048-1;PLACA SUBE-BAJA MAQUINA;3
6116066-1;PLACA PROHIBIDO MENORES 14 AÑOS;7
6116067-1;PLACA INSTRUCCIONES PROHIBIDO;7
6116068-1;PLACA PRECAUCION EN CASTELLANO;7
6116081-1;PEGATINA CABLE POLEA M33_V3 CP ESTRECHO;3
6116101-1;AUTOADHESIVO EXTERIOR TIRADOR IZQUIERDO ORONA;2
6116103-1;AUTOADHESI.PARA BOTONERA 1 PULSADOR;5
6116105-1;AUTOADHESI.PARA FONDO TIRADOR;4
6116270-1;ADHESIVO CUADRO MANI.CONTACTORES ;2
6116271-1;ADHESIVO ATENCION RESCATE;5
6116272-1;AUTOADHESIVO INSCRIP.SOBRECARGA TRASPARENTE;3
6116363-1;AUTOADHESIVO INTERIOR TIRADOR PISO-2;3
6116364-1;AUTOADHESIVO INTERIOR TIRADOR PISO-1;3
6116366-1;AUTOADHESIVO INTERIOR TIRADOR PISO 1;3
6116368-1;AUTOADHESIVO INTERIOR TIRADOR PISO 3;4
6116370-1;AUTOADHESIVO INTERIOR TIRADOR PISO 5;3
6116371-1;AUTOADHESIVO INTERIOR TIRADOR PISO 6;3
6116372-1;AUTOADHESIVO INTERIOR TIRADOR PISO 7;3
6116373-1;AUTOADHESIVO INTERIOR TIRADOR PISO 8;3
6116374-1;AUTOADHESIVO INTERIOR TIRADOR PISO 9;3
6116420-1;PLACA CABINA AS INSCRIPCION ORONA;6
6116422-1;PLACA CABINA AS SIN INSCRIPCION;4
6116423-1;PLACA CABINA AS INSCRIPCION 300 Kg 4 PERSONAS;8
6116427-1;PLACA CABINA AS INSCRIPCION 450 Kg 6 PERSONAS;7
6116428-1;PLACA CABINA AS INSCRIPCION 500 Kg 6 PERSONAS;4
6116432-1;PLACA CABINA AS INSCRIPCION 720 Kg 9 PERSONAS;6
6116433-1;PLACA CABINA AS INSCRIPCION 800 Kg 10 PERSONAS;6
6116434-1;PLACA CABINA AS INSCRIPCION 525 Kg 7 PERSONAS;5
6116447-1;AUTOADHESIVO INSCRIPCION SOBRECARGA OR02;2
6116599-1;AUTOADHESIVO PROHIBICION APOYO EN BARANDILLA;1
6116600-1;PLACA POLICARBONATO AUTOADHESIVO INSCRIPCION A;5
6116602-1;PLACA POLICARBONATO AUTOADHESIVO INSCRIPCION P;5
6116604-1;PLACA POLICARBONATO AUTOADHESIVO INSCRIPCION E1;5
6116605-1;PLACA POLICARBONATO AUTOADHESIVO INSCRIPCION E2;5
6116606-1;PLACA POLICARBONATO AUTOADHESIVO INSCRIPCION-5;7
6116607-1;PLACA POLICARBONATO AUTOADHESIVO INSCRIPCION-4;7
6116608-1;PLACA POLICARBONATO AUTOADHESIVO INSCRIPCION-3;7
6116620-1;PLACA POLICARBONATO AUTOADHESIVO INSCRIPCION 9;6
6116621-1;PLACA POLICARBONATO AUTOADHESIVO INSCRIPCION 10;6
6116622-1;PLACA POLICARBONATO AUTOADHESIVO INSCRIPCION 11;5
6116623-1;PLACA POLICARBONATO AUTOADHESIVO INSCRIPCION 12;5
6116624-1;PLACA POLICARBONATO AUTOADHESIVO INSCRIPCION 13;5
6116625-1;PLACA POLICARBONATO AUTOADHESIVO INSCRIPCION 14;5
6116626-1;PLACA POLICARBONATO AUTOADHESIVO INSCRIPCION 15;5
6116627-1;PLACA POLICARBONATO AUTOADHESIVO INSCRIPCION 16;5
6116628-1;PLACA POLICARBONATO AUTOADHESIVO INSCRIPCION 17;5
6116629-1;PLACA POLICARBONATO AUTOADHESIVO INSCRIPCION 18;5
6116630-1;PLACA POLICARBONATO AUTOADHESIVO INSCRIPCION 19;5
6116631-1;PLACA POLICARBONATO AUTOADHESIVO INSCRIPCION 20;5
6116635-1;PLACA POLICARBONATO AUTOADHESIVO INSCRIPCION ALT;5
6116636-1;PLACA POLICARBONATO AUTOADHESIVO INSCRIPCION STOP;5
6116639-1;PLACA POLICARBONATO AUTOADHESIVO INSCRIPCIÓN CIERRE PUERTA;6
6116640-1;PLACA POLICARBONATO AUTOADHESIVO INSCRIPCION ANULACION;5
6116641-1;PLACA POLICARBONATO AUTOADHESIVO INSCRIPCION VENTILADOR;5
6116644-1;PLACA POLICARBONATO AUTOADHESIVO INSCRIPCION S;4
6116645-1;PLACA POLICARBONATO AUTOADHESIVO INSCRIPCION RC;4
6116646-1;PLACA POLICARBONATO AUTOADHESIVO INSCRIPCION RJ;4
6116647-1;PLACA POLICARBONATO AUTOADHESIVO INSCRIPCION D;6
6116660-1;"""""""PLACA BRAILLE AUTOADHESIVA MB INSCRIP.""""""""1""""""""""""""";6
6116660-10;"""""""PLACA BRAILLE AUTOADHESIVA MB INSCRIPCION """"""""10""""""""""""""";6
6116660-11;"""""""PLACA BRAILLE AUTOADHESIVA MB INSCRIPCION """"""""11""""""""""""""";6
6116660-12;"""""""PLACA BRAILLE AUTOADHESIVA MB INSCRIPCION """"""""12""""""""""""""";6
6116660-13;"""""""PLACA BRAILLE AUTOADHESIVA MB INSCRIPCION """"""""13""""""""""""""";6
6116660-14;"""""""PLACA BRAILLE AUTOADHESIVA MB INSCRIPCION """"""""14""""""""""""""";6
6116660-15;"""""""PLACA BRAILLE AUTOADHESIVA MB INSCRIP.""""""""15""""""""""""""";6
6116660-16;"""""""PLACA BRAILLE AUTOADHESIVA MB INSCRIPCION """"""""16""""""""""""""";6
6116660-17;"""""""PLACA BRAILLE AUTOADHESIVA MB INSCRIPCION """"""""17""""""""""""""";6
6116660-18;"""""""PLACA BRAILLE AUTOADHESIVA MB INSCRIPCION """"""""18""""""""""""""";6
6116660-19;"""""""PLACA BRAILLE AUTOADHESIVA MB INSCRIPCION """"""""19""""""""""""""";6
6116660-2;"""""""PLACA BRAILLE AUTOADHESIVA MB INSCRIP.""""""""2""""""""""""""";6
6116660-20;"""""""PLACA BRAILLE AUTOADHESIVA MB INSCRIPCION """"""""20""""""""""""""";6
6116660-3;"""""""PLACA BRAILLE AUTOADHESIVA MB INSCRIP.""""""""3""""""""""""""";6
6116660-4;"""""""PLACA BRAILLE AUTOADHESIVA MB INSCRIP.""""""""4""""""""""""""";6
6116660-40;"""""""PLACA BRAILLE AUTOADHESIVA MB INSCRIP.""""""""0""""""""""""""";6
6116660-41;"""""""PLACA BRAILLE AUTOADHESIVA MB INSCRIP.""""""""-1""""""""""""""";6
6116660-42;"""""""PLACA BRAILLE AUTOADHESIVA MB INSCRIPCION """"""""-2""""""""""""""";6
6116660-43;"""""""PLACA BRAILLE AUTOADHESIVA MB INSCRIP.""""""""-3""""""""""""""";6
6116660-44;"""""""PLACA BRAILLE AUTOADHESIVA MB INSCRIPCION """"""""-4""""""""""""""";6
6116660-45;"""""""PLACA BRAILLE AUTOADHESIVA MB INSCRIPCION """"""""-5""""""""""""""";6
6116660-5;"""""""PLACA BRAILLE AUTOADHESIVA MB INSCRIP.""""""""5""""""""""""""";6
6116660-50;"""""""PLACA BRAILLE AUTOADHESIVA MB INSCRIPCION """"""""B""""""""""""""";6
6116660-51;"""""""PLACA BRAILLE AUTOADHESIVA MB INSCRIP.""""""""E""""""""""""""";6
6116660-6;"""""""PLACA BRAILLE AUTOADHESIVA MB INSCRIP.""""""""6""""""""""""""";6
6116660-7;"""""""PLACA BRAILLE AUTOADHESIVA MB INSCRIPCION """"""""7""""""""""""""";6
6116660-75;PLACA BRAILLE AUTOADHESIVA MB S/INSCRIPCION;5
6116660-8;"""""""PLACA BRAILLE AUTOADHESIVA MB INSCRIPCION """"""""8""""""""""""""";6
6116660-9;"""""""PLACA BRAILLE AUTOADHESIVA MB INSCRIPCION """"""""9""""""""""""""";6
6116764-1;"""""""IDENTIFICADOR PLANTA PUL LLAVE """"""""1"""""""" 4TH GEN""""""";8
6116764-10;"""""""IDENTIFICADOR PLANTA PUL LLAVE """"""""10"""""""" 4TH GEN""""""";8
6116764-11;"""""""IDENTIFICADOR PLANTA PUL LLAVE """"""""11"""""""" 4TH GEN""""""";8
6116764-12;"""""""IDENTIFICADOR PLANTA PUL LLAVE """"""""12"""""""" 4TH GEN""""""";8
6116764-13;"""""""IDENTIFICADOR PLANTA PUL LLAVE """"""""13"""""""" 4TH GEN""""""";8
6116764-14;"""""""IDENTIFICADOR PLANTA PUL LLAVE """"""""14"""""""" 4TH GEN""""""";8
6116764-15;"""""""IDENTIFICADOR PLANTA PUL LLAVE """"""""15"""""""" 4TH GEN""""""";8
6116764-16;"""""""IDENTIFICADOR PLANTA PUL LLAVE """"""""16"""""""" 4TH GEN""""""";8
6116764-17;"""""""IDENTIFICADOR PLANTA PUL LLAVE """"""""17"""""""" 4TH GEN""""""";8
6116764-18;"""""""IDENTIFICADOR PLANTA PUL LLAVE """"""""18"""""""" 4TH GEN""""""";8
6116764-19;"""""""IDENTIFICADOR PLANTA PUL LLAVE """"""""19"""""""" 4TH GEN""""""";8
6116764-2;"""""""IDENTIFICADOR PLANTA PUL LLAVE """"""""2"""""""" 4TH GEN""""""";8
6116764-20;"""""""IDENTIFICADOR PLANTA PUL LLAVE """"""""20"""""""" 4TH GEN""""""";8
6116764-21;"""""""IDENTIFICADOR PLANTA PUL LLAVE """"""""21"""""""" 4TH GEN""""""";8
6116764-22;"""""""IDENTIFICADOR PLANTA PUL LLAVE """"""""22"""""""" 4TH GEN""""""";8
6116764-23;"""""""IDENTIFICADOR PLANTA PUL LLAVE """"""""23"""""""" 4TH GEN""""""";8
6116764-24;"""""""IDENTIFICADOR PLANTA PUL LLAVE """"""""24"""""""" 4TH GEN""""""";8
6116764-25;"""""""IDENTIFICADOR PLANTA PUL LLAVE """"""""25"""""""" 4TH GEN""""""";8
6116764-26;"""""""IDENTIFICADOR PLANTA PUL LLAVE """"""""26"""""""" 4TH GEN""""""";8
6116764-27;"""""""IDENTIFICADOR PLANTA PUL LLAVE """"""""27"""""""" 4TH GEN""""""";8
6116764-28;"""""""IDENTIFICADOR PLANTA PUL LLAVE """"""""28"""""""" 4TH GEN""""""";8
6116764-29;"""""""IDENTIFICADOR PLANTA PUL LLAVE """"""""29"""""""" 4TH GEN""""""";8
6116764-3;"""""""IDENTIFICADOR PLANTA PUL LLAVE """"""""3"""""""" 4TH GEN""""""";8
6116764-30;"""""""IDENTIFICADOR PLANTA PUL LLAVE """"""""30"""""""" 4TH GEN""""""";8
6116764-31;"""""""IDENTIFICADOR PLANTA PUL LLAVE """"""""31"""""""" 4TH GEN""""""";8
6116764-32;"""""""IDENTIFICADOR PLANTA PUL LLAVE """"""""32"""""""" 4TH GEN""""""";8
6116764-33;"""""""IDENTIFICADOR PLANTA PUL LLAVE """"""""33"""""""" 4TH GEN""""""";8
6116764-34;"""""""IDENTIFICADOR PLANTA PUL LLAVE """"""""34"""""""" 4TH GEN""""""";8
6116764-35;"""""""IDENTIFICADOR PLANTA PUL LLAVE """"""""35"""""""" 4TH GEN""""""";8
6116764-36;"""""""IDENTIFICADOR PLANTA PUL LLAVE """"""""36"""""""" 4TH GEN""""""";8
6116764-37;"""""""IDENTIFICADOR PLANTA PUL LLAVE """"""""37"""""""" 4TH GEN""""""";8
6116764-38;"""""""IDENTIFICADOR PLANTA PUL LLAVE """"""""38"""""""" 4TH GEN""""""";8
6116764-39;"""""""IDENTIFICADOR PLANTA PUL LLAVE """"""""39"""""""" 4TH GEN""""""";8
6116764-4;"""""""IDENTIFICADOR PLANTA PUL LLAVE """"""""4"""""""" 4TH GEN""""""";8
6116764-40;"""""""IDENTIFICADOR PLANTA PUL LLAVE """"""""40"""""""" 4TH GEN""""""";8
6116764-41;"""""""IDENTIFICADOR PLANTA PUL LLAVE """"""""41"""""""" 4TH GEN""""""";8
6116764-42;"""""""IDENTIFICADOR PLANTA PUL LLAVE """"""""42"""""""" 4TH GEN""""""";8
6116764-43;"""""""IDENTIFICADOR PLANTA PUL LLAVE """"""""43"""""""" 4TH GEN""""""";8
6116764-44;"""""""IDENTIFICADOR PLANTA PUL LLAVE """"""""44"""""""" 4TH GEN""""""";8
6116764-45;"""""""IDENTIFICADOR PLANTA PUL LLAVE """"""""45"""""""" 4TH GEN""""""";8
6116764-46;"""""""IDENTIFICADOR PLANTA PUL LLAVE """"""""0"""""""" 4TH GEN""""""";8
6116764-47;"""""""IDENTIFICADOR PLANTA PUL LLAVE """"""""-1"""""""" 4TH GEN""""""";8
6116764-48;"""""""IDENTIFICADOR PLANTA PUL LLAVE """"""""-2"""""""" 4TH GEN""""""";8
6116764-49;"""""""IDENTIFICADOR PLANTA PUL LLAVE """"""""-3"""""""" 4TH GEN""""""";8
6116764-5;"""""""IDENTIFICADOR PLANTA PUL LLAVE """"""""5"""""""" 4TH GEN""""""";8
6116764-50;"""""""IDENTIFICADOR PLANTA PUL LLAVE """"""""-4"""""""" 4TH GEN""""""";8
6116764-51;"""""""IDENTIFICADOR PLANTA PUL LLAVE """"""""-5"""""""" 4TH GEN""""""";8
6116764-52;"""""""IDENTIFICADOR PLANTA PUL LLAVE """"""""-6"""""""" 4TH GEN""""""";8
6116764-53;"""""""IDENTIFICADOR PLANTA PUL LLAVE """"""""-7"""""""" 4TH GEN""""""";8
6116764-54;"""""""IDENTIFICADOR PLANTA PUL LLAVE """"""""-8"""""""" 4TH GEN""""""";8
6116764-55;"""""""IDENTIFICADOR PLANTA PUL LLAVE """"""""-9"""""""" 4TH GEN""""""";8
6116764-56;"""""""IDENTIFICADOR PLANTA PUL LLAVE """"""""0-"""""""" 4TH GEN""""""";8
6116764-57;"""""""IDENTIFICADOR PLANTA PUL LLAVE """"""""0+"""""""" 4TH GEN""""""";8
6116764-58;"""""""IDENTIFICADOR PLANTA PUL LLAVE """"""""1-"""""""" 4TH GEN""""""";8
6116764-59;"""""""IDENTIFICADOR PLANTA PUL LLAVE """"""""1+"""""""" 4TH GEN""""""";8
6116764-6;"""""""IDENTIFICADOR PLANTA PUL LLAVE """"""""6"""""""" 4TH GEN""""""";8
6116764-60;"""""""IDENTIFICADOR PLANTA PUL LLAVE """"""""2-"""""""" 4TH GEN""""""";8
6116764-61;"""""""IDENTIFICADOR PLANTA PUL LLAVE """"""""2+"""""""" 4TH GEN""""""";8
6116764-62;"""""""IDENTIFICADOR PLANTA PUL LLAVE """"""""3-"""""""" 4TH GEN""""""";8
6116764-63;"""""""IDENTIFICADOR PLANTA PUL LLAVE """"""""3+"""""""" 4TH GEN""""""";8
6116764-64;"""""""IDENTIFICADOR PLANTA PUL LLAVE """"""""4-"""""""" 4TH GEN""""""";8
6116764-65;"""""""IDENTIFICADOR PLANTA PUL LLAVE """"""""4+"""""""" 4TH GEN""""""";8
6116764-7;"""""""IDENTIFICADOR PLANTA PUL LLAVE """"""""7"""""""" 4TH GEN""""""";8
6116764-8;"""""""IDENTIFICADOR PLANTA PUL LLAVE """"""""8"""""""" 4TH GEN""""""";8
6116764-9;"""""""IDENTIFICADOR PLANTA PUL LLAVE """"""""9"""""""" 4TH GEN""""""";8
6116765-23;"""""""IDENTIFICACION PLANTA PUL LLAVE """"""""S1"""""""" 4TH GEN""""""";8
6116765-24;"""""""IDENTIFICACION PLANTA PUL LLAVE """"""""S2"""""""" 4TH GEN""""""";8
6116765-41;IDENTIFICACION PLANTA PUL LLAVE BOMBE 4TH GEN;8
6116765-49;IDENTIFICACION PLANTA PUL LLAVE MINUSVALIDO 4TH G;8
6116837-1;PEGATINA V3F5-2011 (SÍNCRONO) T2H IZQ./C4H (FC);5
6116837-2;PEGATINA V3F5-2011 (SÍNCRONO) T2H DER/C2H (FC);5
6116837-4;PEGATINA V3F5-2011 (ASÍNCRONO) DCHA.(FC);6
6116890-1;PLACA GANCHO CUARTO MAQUINAS 500 Kg ESPAQA;8
6116895-1;PLACA GANCHO CUARTO MAQUINAS 1000 Kg ESPAQA;4
6116905-1;PLACA INSTRUCCIONES LLAVE MANTENIMIENTO ESPAQA;4
6116919-1;AUTOADHES.AUTOM.FUERZA PVC BLANCO C/CORTES ARCA II;5
6116928-1;PEGATINA V3F4-2005 CAN INTEGRADO PUERTA IZQUIERDA Y CENTRAL;5
6116930-1;ETIQUETA TOMA DE TIERRA PUERTA;2
6116936-1;PAPEL INSCRIPCION CLIENTE-BOMBEROS-ALLARME OR02;2
6116941-1;PAPEL INSCRIPCION RAE-KG/PERSONAS -CE0099 OR02;4
6116943-1;AUTOADHESIVO ALARMA TELESERVICIO ARCA II;2
6116944-1;AUTOADHESIVO FIN ALARMA PLACA ADAPTAC.TELESERVICIO;2
6116998-1;AUTOADHESIVO PELIGRO;5
6117001-1;TAPA NIVEL PLASTICO ROJO MAQUINAS;1
6117002-1;TAPA ACEITE PLASTICO ROJO O-130;5
6117003-1;SEGMENTO CIRCULAR ELECTROIMAN G-556;2
6117005-1;SOPORTE ESPEJO SIN RECUBRIMIENTO OR02;3
6117008-1;SOPORTE CLIPAJE ZOCALO;2
6117023-1;DESLIZADERA CM-8 CONTRAPESO;4
6117030-1;DESLIZADERA POLEA TENS.REGULADOR;3
6117048-1;TAPA PASAMANOS CABINA TDS;1
6117049-1;GRAPA FIJACION TAPAJUNTAS CABINA TDS;2
6117051-1;CUERPO PLACA INSTRUC.CABINA F-80 C/VENT.;3
6117058-1;GRAPA FIJACION ENTRECALLE TDS;1
6117067-1;CASQUILLO NYLON 19/12X22 LONG.;1
6117070-1;CASQUILLO BISAGRA PUERTA PA-791;1
6117084-1;CASQUILLO 17,5X12 CERROJO <;1
6117133-1;POLEA SUSPENSION CONTRAPESO P.AUT.;2
6117135-1;PATIN CARRO MECANISMO CABINA CC-800;4
6117143-1;PATIN CARRO MECANISMO CC/CD-890;4
6117220-1;RECOGEDOR DE LUBRICANTE;3
6117287-1;CRISTAL INDICADOR REFERENCIA ASCENSOR;2
6117288-1;TAPA DE CRISTAL INDICADOR REF.ASCENSOR;2
6117294-1;METACRILATO TRANSLUCIDO BLANCO 65X45X2;2
6117295-1;SOPORTE DE PASAMANOS CABINA AS 100/200;2
6117296-1;VISOR PLACA DE RESCATE METACRILATO 3X50X90 M33;3
6117309-1;LAMINA EXTREMA S.T.;3
6117316-1;LAMINA INTERMEDIA CPD;2
6117328-1;LAMINA INDICADOR DIGITAL/FLECHAS;2
6117387-1;LAMINA INSCRIPCION INTERRRUPTOR LLAVE;5
6117411-1;ETIQUETA AUTOADHESIVA RESCATE BILINGUE;8
6117411-2;ETIQUETA AUTOADHESIVA RESCATE CASTELLANO;8
6117432-1;PLACA BOTONERA PISO GA 1 PULSADOR PECRES;3
6117447-1;"""""""LAMINA INSCRIPCION """"""""A""""""""""""""";3
6117451-1;LAMINA INSCRIPCION ALARMA;3
6117452-1;LAMINA INSCRIPCION APERTURA PUERTAS;3
6117453-1;LAMINA INSCRIPCION CIERRE PUERTAS;3
6117457-1;LAMINA INSCRIPCION STOP;3
6117458-1;LAMINA INSCRIPCION ANULACION LLAMADAS;3
6117462-1;LAMINA CP INSCRIPCION-3;3
6117473-1;LAMINA CP INSCRIPCION 8;3
6117475-1;LAMINA CP INSCRIPCION 10;3
6117476-1;LAMINA CP INSCRIPCION 11;3
6117478-1;LAMINA CP INSCRIPCION 13;3
6117479-1;LAMINA CP INSCRIPCION 14;3
6117480-1;LAMINA CP INSCRIPCION 15;3
6117484-1;LAMINA INTERMEDIA ST CON RAYADO;3
6117489-1;LAMINA INSCRIPCION CABINA PRESENTE;3
6117491-1;"""""""LAMINA CPD INSCRIPCION """"""""E""""""""""""""";3
6117493-1;LAMINA CPD INSCRIPCION-2;3
6117494-1;LAMINA CPD INSCRIPCION-1;3
6117498-1;LAMINA CPD INSCRIPCION 3;3
6117514-1;LAMINA INTERMEDIA CPD CON LED;3
6117522-1;LAMINA INTERMEDIA ST INSCRIPCION ORONA;3
6117530-1;LAMINA INTERME.ST INSCRIPC.300 KG 4 PERS;3
6117540-1;LAMINA EXTREMA CT INSCRIPC.300 KG 4 PERS;3
6117542-1;LAMINA EXTREMA CT INSCRIPC.375 KG 5 PERS;3
6117565-1;LAMINA EXTREMA CT INSCRIPCIÓN 1600 Kg 21 PERSONAS;3
6117651-1;GATILLO DE CIERRE BOTONERA ORONA_96;1
6117655-1;PULSANTE DE CABINA CON HALO;1
6117656-1;PULSANTE DE PISO CON HALO;1
6117657-1;DIFUSOR DE DIODO PULSADOR BOTONERA ORONA_96;1
6117658-1;CAJA-BRIDA PULSADOR BOTONERA ORONA_96  ARCA I;2
6117666-1;"""""""REMATE BOTONERA PISO """"""""MB""""""""""""""";3
6117669-2;CAJA BRIDA  BOTONERA 4TH GEN;2
6117669-1;CAJA BRIDA PULSADOR PRINCIPAL BOTONERA OR02;2
6117670-1;CAJA BRIDA PULSADOR COMUN BOTONERA OR02;2
6117671-1;CALCE PULSADOR PRINCIPAL BOT.OR02;2
6117672-1;CALCE PULSADOR PRINCIPAL BOT.OR02;1
6117673-1;LUZ GUIA PULSADOR CABINA BOTONERA OR02;1
6117674-1;LUZ GUIA PULSADOR PISO BOTONERA OR02;1
6117675-1;SOPORTE SEÑALIZACION PISO OR02;3
6117678-1;PLACA DENOMINACION CLIENTE BOT.CABINA OR02;5
6117679-1;VISOR LUZ EMERGENCIA BOTONERA CABINA OR02;4
6117688-2;PLACA PISO SEÑALIZACION ALARMA OR02;3
6117691-1;CAJA SOPORTE LUZ EMERGENCIA BOTONERA CABINA OR02;4
6117753-1;BRIDA AMARRE PULSADOR 4TH GEN;1
6117772-1;DISPLAY CARGAS RESIDENCIAL 100KG 1PERS 4TH GEN;3
6117772-10;DISPLAY CARGAS RESIDENCIAL 630KG 8PERS 4TH GEN;3
6117779-1;CUERPO PUL-EXTRA BOT RESIDENCIAL SIN 4TH GEN;7
6117782-1;VISOR SE¿ALIZACIONES ESPECIALES 4TH GEN;7
6117789-1;"""""""CALCE PULSADOR PLANTA PRINC.4TH GEN-MB BST """"""""KA308""""""""""""""";2
6117802-1;CUERPO 1 PULSADOR BOTONERA MARCA BLANCA 4TH GEN;7
6117805-1;CUER.PULS.EXTRA BOT.MARCA BLANCA SIN INSC.4TH GEN;7
6117805-2;CUER.PULS.EXTR.BOT.marc.BLAN.FUERA DE SERV.4TH GEN;7
6117805-3;CUERPO PULS.EXTRA BOT.MARCA BLANCA BOMB.4TH GEN;7
6119016-1;RODAMIENTO PARA PUERTA AUTOMÁTICA REFERENCIA 6202-2Z;7
6119051-1;ARANDELA DE RETENCION DIAMETRO 50 MB10;3
6120004-1;ARANDELA APRIETE POLEA O-130;2
6120012-1;BULON PROTECCION CABLE HEXAGONAL 14X148;3
6120069-1;TOPE DE LATON PARAC.D-931/933 30X15X12;5
6120089-1;TORNILLO PARA SOPORTE EN TECHO;2
6120100-1;TORNILLO ESP.BISAGRA SUPERIOR M-5X18;2
6120108-1;EXAGONO TIRADOR 15C/CX49;4
6120109-1;EXAGONO TIRADOR 15C/CX39;7
6120294-1;TENSOR CADENA PUERTA ARTICULADA Y-11355;2
6120362-1;EJE PATIN DIAMETRO 15X38;7
6120372-1;BULON ARTICULADO ARRASTRADOR HEXAGONAL E/C.18X30;3
6121304-1;PROTECTOR PISADERA DE 90 ALIGERADA PL=700 L=1090;4
6121304-2;PROTECTOR PISADERA DE 90 ALIGERADA PL=800 L=1240;5
6121304-3;PROTECTOR PISADERA DE 90 ALIGERADA PL=900 L=1390;5
6121304-4;PROTECTOR PISADERA DE 90 ALIGERADA PL=1000 L=1540;6
6121304-5;PROTECTOR PISADERA DE 90 ALIGERADA PL=1100 L=1690;6
6121304-6;PROTECTOR PISADERA DE 90 ALIGERADA PL=750 L=1165;5
6121319-1;BOLSA MINIGRIP AUTOCIERRE 160x220(FC);1
6121320-1;BOLSA MINIGRIP AUTOCIERRE 200x300(FC);1
6123027-1;DESLIZADERA DE FIELTRO 15X68X4;1
6123066-1;"""""""LLAVE EMERGENCIA TRIANGU.DE 8 """"""""AGA-ORONA"""""""" REFERENCIA 302""""""";6
6123073-1;TRAMO MACHO DE BISAGRA ATORNILLABLE (FC);5
6123074-1;TRAMO HEMBRA DE BISAGRA ATORNILLABLE (FC);5
6123078-1;LLAVE LARGA PULSADOR N-7524;2
6123102-1;TUERCA PRESCINTER 60 X 20;4
6123128-1;IMAN PERM.FERRITA 2-30X15 NORTE P.BLANCO;8
6123180-1;GRAPA ACERO VENTANA ALUMINIO;1
6123208-1;ROLLOS DE CINTA AISLANTE;6
6123216-1;BOLA DE ACERO DE 9;1
6123222-1;TUERCA RAPIDA MIKALOR TIPO U TR503-A M-3 213001-9;1
6123230-1;SUJECIÓN RAPIDA SRRM4 REFERENCIA 211038-8 MIKALOR;1
6123254-1;GRAPA SUJECION PANEL (FC);1
6123258-1;GRAPA FIJACION MIKALOR 210016-5;1
6123267-1;BASE DE PINZA SOUTHCO N*82 REF.82-47-113-15;2
6123268-1;VÁSTAGO REFERENCIA 82-78-220-16;7
6123269-1;RETÉN REFERENCIA 82-32-201-20;1
6123270-1;MUELLE REF.43-13-1-24;1
6123368-1;LLAVE Nº G9233 CERRADURA FT (GIUSSANI)-P5P;7
6123424-1;LLAVE BOMBILLO REFERENCIA AGA B-10;6
6123424-10;LLAVE BOMBILLO REFERENCIA AGA B-67;6
6123424-2;LLAVE BOMBILLO REFERENCIA AGA B-12;6
6123424-23;LLAVE BOMBILLO REFERENCIA AGA B-191;6
6123424-3;LLAVE BOMBILLO REFERENCIA AGA B-26;6
6123424-4;LLAVE BOMBILLO REFERENCIA AGA B-31;6
6123424-5;LLAVE BOMBILLO REFERENCIA AGA B-46;6
6123424-6;LLAVE BOMBILLO REFERENCIA AGA B-51;6
6123424-7;LLAVE BOMBILLO REFERENCIA AGA B-52;6
6123424-8;LLAVE BOMBILLO REFERENCIA AGA B-63;6
6123424-9;LLAVE BOMBILLO REFERENCIA AGA B-66;6
6123469-1;CLIP XT DOBLE(FC);1
6123494-1;GRAPA FIJACION PULSADOR LLAVE CABINA OR02;1
6123523-1;"""""""PASADOR FORMA """"""""R"""""""" DE DIAM.4,5 ZN.""""""";2
6123534-1;PERFIL AISLAMIENTO EPDM 20X6 ARTPLAST;4
6123538-1;GRAPA AMARRE PAÑOS PARED OR02;2
6123704-1;#2C1A050013# RUEDA CERRADURA Y ACCT PATIN;6
6123707-1;#2C1A050020# PATIN INFERIOR FIJO;6
6123722-1;#2L1A057060# FIELTRO CERRADURA H=15;0
6125007-1;INTERRUPTOR A LLAVE REF-AAD-10;1
6127000-1;FILTRO 1¿1/4 GAS FR114 (CODOLO CORTO) OMAR;0
6127221-1;JUNTA TORICA REFERENCIA OR-2093;6
6127229-1;#R83604010#JUEGO JUNTAS PISTON TELESC. T85 C2 GMV;1
6127246-1;REJILLA DE FILTRO GMV;2
6127252-1;VALVULA VML GRUPO 3010 EUROLIFT GMV;1
6127258-2;"""""""ELECTROVALVULA VMD 3010 GMV 1""""""""1/2""""""";0
6127259-2;"""""""VALVULA VRFP 3003-3010 GMV 1""""""""1/2""""""";1
6127308-1;TORNILLO DE PURGA REFERENCIA 0384/0-P MORIS;4
6127315-2;#R80345011#NGVA3 11/4:OBT.DESBLOQ.250-300L/MIN#GMV;0
6127318-4;#R80345016# NGV-A3:1-1/4: GRUPO VÁLVULA 125L/MIN#GMV;0
6127385-1;JUNTA TORICA OR-167;8
6127900-1;CONJUNTO OBTURADOR Q=210 L/MIN GMV;1
6127901-1;CONJUNTO OBTURADOR Q>210 L/MIN GMV;1
6130079-1;FIJACION BRAZO TRANSMISION 3201.05.5106;1
6130105-1;#2C1A050013P# RUEDA CERRADURA Y PATIN 3201.05.0013;5
6130117-1;2L1A050062 PATIN INFERIOR CODIGO 3201.05.0062;5
6130131-1;PATIN INFERIOR HOJAS CODIGO 3201.05.0020;4
6130132-1;FIELTRO POSTE.GANCHO CERRA.3201.05.7060;3
6130136-1;GRUPILLA DIAMETRO 12 CODIGO 7024.00.012;1
6130145-1;ANILLO DIAMETRO 12 CODIGO 3201.05.9146;1
6130158-1;ARANDELA DENTADA DIAMETRO 12 7028.00.012;1
6130159-1;TUERCA EXAGONAL M-12 7002.00.012;1
6130161-1;MUELLE FRENO MOTOR 3201.05.3016;8
6130163-1;"""""""BRAZO DE MANDO TIPO """"""""S"""""""" 3201.05.0049""""""";1
6130167-1;SOPORTE KF DERECHO 3201.05.5047/1;1
6130168-1;SOPORTE KF IZQUIERDO 3201.05.5047/2;1
6130193-1;PALANQUILLA DE CERROJO QUEBRADA LARGA;1
6130203-1;MECHA PARA RECIPIENTE ENGRASE DESLI.ALJO;2
6130204-1;TAPA PARA RECIPIENTE ENGRASE DESLI.ALJO;2
6130227-1;CONTACTO CERRA.AGUI MARCA 3 (ENCLAVAMI.);4
6130793-1;MUELLE TENSION CABLE 3201.05.3002;5
6130794-1;MUELLE GANCHO APERTURA EMERG.Y ANTENA 3201.05.3006;5
6130852-1;TACOS TOPE GOMA S/REF 211002000;6
6130881-1;GRAPA FIJACION CRISTAL Y MIRILLA S/REF 11009000;5
6132003-1;CABLEADO ENCODER;8
6132005-1;TAPA PIQON MOTOR;1
6132007-1;CONJUNTO ELECT. MACHO;5
6132008-1;CONJUNTO CONTACTO 40;4
6132009-1;EJE PIÑON REENVIO;5
6132010-1;SUBCONJUNTO BASE CORREA;6
6132013-1;RETENEDOR DE SEGURIDAD;8
6132014-1;EJE RETENEDOR DE SEGURIDAD Y TOPE APERTURA;4
6132015-1;MUELLE RETENEDOR DE SEGURIDAD;1
6132016-1;RUEDA SUPERIOR EJE CONCENTRICO DIAMETRO 56 (FC) PFR-05;4
6132018-1;TORNILLO ESPECIAL SOPORTE HOJAS M-8X20;4
6132020-1;MUELLE TENSOR CABLE SINCRONIZACION;1
6132023-1;PUENTE SERIE;7
6132039-1;RUEDA EXCENTRICA DIAMETRO 30 PFR-04 (FC);8
6132040-1;"""""""AMARRACABLES ALUMINIO """"""""MACHO""""""""""""""";2
6132041-1;"""""""AMARRACABLES ALUMINIO """"""""HEMBRA""""""""""""""";2
6132042-1;GOMA TOPE PUERTA CENTRAL ORONA-96 (26*18*8.5 MM);1
6132044-1;PUENTE ELECT.CONTACTO DE ENCLAVAMIENTO PUERTA RELLANO OR96;5
6132045-1;EJE RUEDA DE ARRASTRE;2
6132046-1;TOPE GOMA PARA TORNILLO M-6;1
6132047-1;RUEDA DE SINCRONIZACION DIAMETRO 47 (FC) PFR-08;3
6132048-1;RESORTE SEGURIDAD;4
6132051-1;TOPE PLACA PORTA-RUEDAS PE 20X30;3
6132053-1;CASQUILLO MOTOR;1
6132055-1;SOPORTE FIJACION MUELLE;1
6132062-1;PATIN GUIA;2
6132063-1;EJE FIJACION GUIA INFERIOR;2
6132066-1;MUELLE RETORNO CERROJO IZQUIERDO;1
6132069-1;RUEDA DE ARRASTRE PUERTA RELLANO OR96;3
6132079-1;PATIN GUIA PISADERA ALIGERADA;2
6132086-1;RESORTE SEGURIDAD CENTRAL 4H RELL. OR-96 PL-700;5
6132088-1;PATIN GUIA INF.PISAD.70 PU.CAB.OR96;3
6132101-1;MUELLE RETORNO CERROJO DERECHO;1
6132121-1;ETIQUETA ADHESIVA VVVF3 IZQUIERDA Y CENTRAL;4
6132122-1;ETIQUETA ADHESIVA VVVF3 DERECHA;5
6132172-1;SUPLEMENTO HOJAS GRAN MIRILLA;5
6132182-1;TOPE PLACA PORTARUEDAS COMPACT;1
6132183-1;SOPORTE GUIADOR INFERIOR COMPACT;1
6132184-1;GUIADOR INFERIOR COMPACT;1
6132201-1;RUEDA EXCENTRICA OPERADOR PM-300;3
6132213-1;TOMA A TIERRA MOTOR CONJUNTO VARIADOR L=450;3
6132223-1;CONTACTO ELECTRICO CDL IZDA.PM-300;1
6132223-2;CONTACTO ELECTRICO CDL DERECHA PM-300;0
6132232-1;GATILLO PATIN PM-300;2
6132248-1;CDL LT C2H/T2H IZDA.PM-300;0
6132291-1;GATILLO PATIN PM-300;2
6132300-1;COLGADOR COMPACT;3
6132301-1;GUIADOR INFERIOR CON REGULACIÓN;1
6181504-1;JUNTAS DE VALVULA P REFERENCIA 0188 210/380 L/MIN MORIS;8
6502050-1;TORNILLO HEXAGONAL M-4X10 DIN-933-6.8 ZINCADO;1
6502090-1;TORNILLO HEXAGONAL M-6X10 DIN-933-6.8 ZINCADO;1
6502400-1;TORNILLO HEXAGONAL M-6X16 DIN-6921 8.8 BICROMA(DENTADO);1
6502411-1;TORNILLO HEXAGONAL M-8X16 DIN-6921 8. 8 BICROMA(DENTADO);1
6502434-1;TORNILLO EXAG.C/BRIDA M-8X12 DIN-6921 8.8 BICROMA.;1
6502700-1;TORNILLO APLASTADO M-6X15 DIN-603 ZN.;1
6505011-1;TORNILLO CILIND.M.4X15-DIN.912-5,6 (FH);1
6505020-1;TORNILLO CILIND.M.5X10-DIN.912-5,6 (FH);1
6505022-1;TORNILLO CILIND.M.5X20-DIN.912-5,6 (FH);1
6505061-1;TORNILLO CILIND.M.8X15-DIN.912-5,6 (FH);1
6505241-1;TORNILLO CILIND.M-6X15 DIN-6912;1
6505242-1;TORNILLO CILIND.M-6X20 DIN-6912;1
6506002-1;TORNILLO AVELLANADO M-3X8 DIN-963-5,6 (FH);1
6506170-1;TORNILLO AVELLANADO M-16X35 DIN-963-5,6 (FH);3
6507025-1;TORNILLO CILIND M-4X15 DIN-84-5,6 (FH) ZN.;1
6509002-1;ESPARRAGO ALLEN HEXAGONAL INT.DIN-913 M-5X8;1
6510004-1;TUERCA EXAGONAL M-6 DIN-934-6 ZINCADO;1
6510007-1;TUERCA EXAGONAL M-12 DIN-934-6 ZINCADO;1
6510055-1;TUERCA AUTOBLOCANTE M-24.200 DIN-985 ZN.;4
6510102-1;TUERCA REBAJADA HEXAGONAL M-6 DIN-936 ZN.;1
6510109-1;TUERCA EXAGONAL M-16X1,5 DIN-936 (ZINC.);1
6510249-1;TUERCA EXAGONAL M-4 DIN-6923-8 BT (DENTADO);1
6510250-1;TUERCA EXAGONAL M-6 DIN-6923-8 ZN (DENTADO);1
6510251-1;TUERCA EXAGONAL M-8 DIN-6923-8 ZN (DENTADO);1
6510252-1;TUERCA EXAGONAL M-10 DIN-6923-8 ZN (DENTADO);1
6510401-1;TUERCA ENJAULADA M-8 1,8/3,2 AC.MUELLE;1
6510404-1;TUERCA ENJAUL.M-3 1-1,6 AC.MUELLE (FH);1
6520004-1;ARANDELA A 6,4 DIN 125-ST (FH) ZN.;1
6520005-1;ARANDELA A 8,4 DIN 125-ST (FH) ZINCADO;1
6521004-1;ARANDELA MUELLE B 6 DIN-127 PAVONADO;1
6521005-1;ARANDELA MUELLE B 8 DIN-127 PAVONADO;1
6521007-1;ARANDELA MUELLE B 12 DIN-127 PAVONADO;1
6521009-1;ARANDELA MUELLE B 16 DIN-127 PAVONADO;1
6524023-1;ARANDELA DE PLATILLO 40/14,3X0,9;3
6525003-1;ANILLO ELASTICO PARA EJE E-10 DIN-471;1
6525005-1;ANILLO ELASTICO PARA EJE E-12 DIN-471;1
6525007-1;ANILLO ELASTICO PARA EJE E-14 DIN-471;1
6525008-1;ANILLO ELASTICO PARA EJE E-15 DIN-471;1
6525011-1;ANILLO ELASTICO PARA EJE E-18 DIN-471;1
6525022-1;ANILLO ELASTICO PARA EJE E-35 DIN 471;1
6525040-1;ANILLO ELASTICO PARA EJE E-75 DIN-471;4
6525057-1;ANILLO ELASTICO PARA EJE E-40 DIN-471;1
6525121-1;ANILLO ELASTICO PARA INT.I-35 DIN-472;1
6525142-1;ANILLO ELASTICO PARA INT.I.80 DIN.472;2
6526011-1;ARANDELA ABANIC.DENTADA INT.26/16,5 DIN-6798J;1
6529055-1;PASADOR ELASTICO DE 4X36 DIN-1481;1
6530038-1;TACO DE ZAMAK MACHO M-10X100 (FC);4
6530039-1;TACO DE ZAMAK MACHO M-12X120 (FC);8
6531001-1;TORNILLO PARA CHAPA 3,5X9,5 DIN-7504-N;1
6531003-1;TORNILLO AVELLANADO PARA CHAPA B3,5X9,5 DIN-7982;1
6531025-1;TORNILLO PARA CHAPA B 2,9X9,5 DIN-7976;1
6531146-1;TORNILLO AVELLANADO M3X8 DIN-7991 INOXIDABLE;1
6531149-1;TORNILLO AVELLANADO M3X10 DIN7991 CROMO NEGRO;1
6531156-1;TORNILLO AVELL.M6X10 DIN7991 CROMO NEGRO;1
6531167-1;TORNILLO AVELLANADO M3X10 DIN-7991 INOXIDABLE;1
6531172-1;TORNILLO AVELLANADO M4X16 DIN-7991 INOXIDABLE;1
6531301-1;TORNILLO AUTOROSCANTE 6,3X32 DIN-7504K;1
6531302-1;TORNILLO AUTOROSCANTE 6,3X45 DIN-7504P;2
6531310-1;TORNILLO AUTOROSCANTE C/BRIDA ST6,3X16-C (FC);1
6532006-1;ARANDELA DE SEGURIDAD DE 8 DIN-6799;1
6532008-1;ARANDELA DE SEGURIDAD DE 10 DIN-6799;1
6532009-1;ARANDELA DE SEGURIDAD DE 12 DIN-6799;1
6532010-1;ARANDELA DE SEGURIDAD DE 15 DIN-6799;1
6811000-1;LLAVE A-903 (CERRADURA R-135 ARMARIO);6
6821503-1;TORNILLO N4 Ø 0,90 VALVULA VMP/S-1.1/4.REFERENCIA R60060077 GMV;1
6826301-1;ROTULO INSCRIPCION RESCATEL(BOTONERA CABINA);6
6829300-1;INT. DIFER. ALTA INMUN. 4P 63A 300MA MERLIN GERIN;0
6829706-1;PLACA ALUMINIO R.A.E.;4
7011162-1;SOPORTE DE GUIA CH.3X85X200;3
7011165-1;SOPORTE A PARED CH.3X96X240;4
7011195-1;PASAMUROS PROTECCION CONJUNTO MÁQUINA CHAPA 1X78X378;8
7011196-1;TAPA PROTECCION CONJUNTO MÁQUINA. CHAPA 1X200X200;4
7011602-1;SOPORTE DE GUIAS CHAPA 3X90X160;4
7031334-1;ESPARRAGO CALI 8.98*185;5
7040951-1;TAPA SOPORTE EXTERIOR O-130A;6
7040952-1;TAPA SOPORTE LADO POLEA O-130A;6
7041105-1;ARANDELA SEGURIDAD POLEA CHAPA 1X72X50;4
7070698-1;PROTECTOR DERECHO POLEA DESVIO O-170 CHAPA 1,5X234X250;5
7092062-1;CALCE PES. ORONA CHAPA 1X50X50;1
7092372-1;SOPORTE CAPTADOR D-5000 CHAPA 3X185X250;7
7092971-1;SOPORTE ENGRASADOR G-9 CHAPA 1,5X100X154;7
7093261-1;SOPORTE ENGRASADOR CH.1,5X90X101;7
7093767-1;CALCE CHASIS CH.1X120X144;2
7093770-1;PERFIL PROTECTOR DE CABLES M33;3
7094478-1;PROTECTOR ACEITE GUIAS CHASIS CABINA M33 CONFORT;3
7103156-1;CAPOTA SUPERIOR DIAM.450 CH.1,5X247X409;8
7103674-1;REFUERZO DESLIZADERA CONTR.P-35 CH.2,5X55X59;1
7110345-1;CALCE CAPERUZA LIMITADOR ALJO CH.1X150X196;2
7120034-1;CHAPA AMARRE PATIN CH.5X110X130;4
7140017-1;ESCUADRA FIJACION REMATE BOT.OR02;2
7140018-1;PAPEL INSCRIPCION CLIENTE ORONA OR02;2
7140018-2;PAPEL INSCRIPCION CLIENTE PECRES OR02;2
7140018-3;PAPEL INSCRIPCION CLIENTE BALEAR OR02;2
7140018-4;PAPEL INSCRIPCION FIRE SERVICE CONTROL OR02;2
7140018-6;PAPEL INSCRIPCION PRESS ALARM BUTTON OR02;2
7140018-7;PAPEL INSCRIPCION OBSERV.ESPECIALES OR02;2
7140057-4;REMATE MELAMINA LACADO MANGANESO OR02 L=217;2
7140057-5;REMATE MELAMINA LACADO MANGANESO OR02 L=768;7
7140059-1;SOPORTE APOYO PAÑOS INFERIOR SIN PLEGAR OR02;2
7140060-1;SOPORTE APOYO PAÑOS INFERIOR PLEGADO OR02;4
7140061-1;SOPORTE APOYO PAÑOS SUPERIOR SIN PLEGAR OR02;1
7140062-1;SOPORTE APOYO PAÑOS SUPERIOR PLEGADO OR02;3
7140063-1;SOPORTE APOYO CUBRIDOR BOTONERA PLEGADO OR02;3
7140143-3;PLACA POLICARBONATO S/SERIGRAFIA 1150X190X4,5;8
7140249-2;REFLECTOR PARA LUMINARIAS OR02 CH.1X95X470;3
7140249-3;REFLECTOR PARA LUMINARIAS OR02 CHAPA 1X95X625;3
7140249-4;REFLECTOR PARA LUMINARIAS OR02 CHAPA 1X95X1235;6
7140370-1;ESCUADRA FIJACION PERF.REMATE PANEL BOTONERA OR02;2
7140371-1;ESCUADRA TOPE PERFILES PANEL DE BOTONERA OR02;2
7151905-1;PLACA ZAMAK INSCRIPCION ORONA EN RELIEVE;4
7151965-1;SOPORTE AMARRE PLACAS CHAPA 1X67X145;5
7152137-1;PLACA FOTOCELULA INO_02.1.2X20X60;3
7152137-2;PLACA FOTOCELULA INOX.P.E.1.2X20X60;1
7152137-3;PLACA FOTOCELULA INOX.LINO 1.2X26X60;1
7152137-6;PLACA FOTOCELULA INOX.GRABADO CUADRADO 1.2X26X60;1
7152137-7;PLACA FOTOCELULA INOX.5 WL 1.2X26X60;1
7152159-1;PLACA FOTOCELULA TELCO INO_02.1.2X26X60;4
7152255-1;ETIQUETA TRANSLUCIDA RESCATEL;1
7157401-1;TUERCA SOPORTE CALIBRE DIAMETRO 20X13;3
7157403-1;TUBO DISTANCIADOR REJILLA DIAMETRO 13X1X51;1
7164304-1;TORNILLO BISAGRA HEXAGONAL 18X61;5
7164305-1;CASQUILLO APOYO BISAGRA CAL.15X11;1
7164540-1;SOPORTE REGULADOR CHAPA 112X30X2 BANDA 30;1
7164550-1;FIJADOR REGULADOR CHAPA 30X30X2 BANDA 30;1
7164560-1;REGULADOR CIERRE HEXAGONAL 14X100;1
7171022-1;PERNO CERROJO L DE 10X39;7
7171023-1;"""""""PLAQUITA BLOQ.CERR.""""""""L"""""""" 40X13,5X2,5""""""";1
7181261-1;PANTALLA 1V=0,7 C/D-831 2X105X650;7
7181271-1;SOPORTE INTERR/ACCI. G=T-65/70 6X40X413;6
7181364-1;PANTALLA CAPTADOR ARCA LONG.600 MM;7
7190206-1;SOPORTE FIJACIÓNGUIA ADAPTACION CB-800 3X70X323;3
7190665-1;CHAPA SUJECION MULTIPLE CH.5X25X98;2
7232015-1;EJE REDUCTOR 13X48 PUERTA TELESCOPICA PISO AT-78;4
7243521-1;BULON CARRO SUPERIOR CB-800 HEXAGONAL 13X243;4
7243725-1;SOPORTE ADAPTACIÓN INDICADOR DIGITAL CB-800 3X80X204;4
7244035-1;SOPORTE DE LEVA CH3X160X188;4
7253392-1;CABLE BRAZO PORTA-RUEDAS PUERTA CABINA CENTRAL 4HOJAS PL=800 L=810;5
7253392-2;CABLE BRAZO PORTA-RUEDAS PUERTA CABINA CENTRAL 4HOJAS PL=700 L=760;5
7253392-5;CABLE BRAZO PORTA-RUEDAS P.CA. C.4H.PL=1000 L=1010;2
7253394-3;CABLE LADOS OPUESTOS PUERTA RELLANO CENTRAL 4H.PL=600;6
7253395-1;CABLE BRAZO PORTA-RUEDAS P.CENT. 4H.PL=800 L=760;5
7253395-2;CABLE BRAZO PORTA-RUEDAS P.CENT. 4H.PL=700 L=710;5
7253460-1;BASE AMARRACABLES LADOS OPUESTOS CHAPA 3X20X47;1
7253821-1;RUEDA TRASLACION CERROJO TIPO 801;3
7254091-1;SOPORTE MICRO.CARRO CC-801 CHAPA 3X30X150;1
7254092-1;SOPORTE TENSOR CAR.CC-801 CHAPA 3X20X162;1
7254093-1;SOPORTE TENSOR CAR.CD-801 CHAPA 3X20X162;1
7254444-1;BULON TOPE EX.13X35 ARRASTRAD.DERECHO CC-800;2
7254446-1;BULON ENGARCE ARRASTRE DERECHO CC-800 EX.18X48;5
7254451-1;SOPORTE RUEDA ARRASTR.IZQUIERDO CC-800 120X100X4;3
7256912-1;APOYO TUBO COM.CC-800 CHAPA 2X50X149;1
7259016-1;SOPORTE FOTOC.MOVIL DE.2X200X141 1250X1250;3
7260212-1;SOPORTE CON.CAR.I.CD-800 120X104X3 1000X1000;2
7260222-1;SOPORTE CON.CAR.D.CD-800 120X104X3 1000X1000;2
7261513-1;CABLE SINCRONIZACION TELESCOPICA 2HOJAS L=1280;7
7261513-2;CABLE SINCRONIZACION TELESCOPICA 2HOJAS L=1180;7
7261513-6;CABLE SINCRONIZACION TELESCOPICA 2HOJAS L=1080;6
7261571-1;BRAZO PORTA-RUEDAS PL=800 CH.2,5X44,5X605;4
7261571-2;BRAZO PORTA-RUEDAS PL=700 CH.2,5X44,5X555;4
7261571-3;BRAZO PORTA-RUEDAS PL=900 CH.2,5X44,5X655;4
7261575-1;BASE SUJECION CABLE CABEZAL CHAPA 2,5X27X92;2
7261624-2;PORTA PATIN GUIA PU.CAB.700 PI.70 CH.2,5X65X316;3
7262312-1;BRAZO PORTA-RUEDAS PL=700 COMPACT;8
7262312-2;BRAZO PORTA-RUEDAS PL=800 COMPACT;8
7269904-1;ROLDANA RUEDA ENCLAVAMIENTO CERROJO;2
7302101-1;PULSANTE PISO C/INSCRIP.FLECHA;3
7302104-1;MARCO BOT.PISO 1 PUL.C/INSCRIP.ORONA;2
7302105-2;MARCO BOTONERA PISO 2 PULSADORES CON INSCRIPCION PECRES;7
7302107-1;MARCO BOTONERA PISO 1 PULSADOR+PILOTO INSCRIPCIÓN ORONA+ACU.;7
7302109-4;"""""""CUERPO PULSADOR CABINA """"""""VENTILADOR"""""""" """"""";6
7302109-3;"""""""CUERPO PULSADOR CABINA """"""""BOMBEROS""""""""""""""";4
7302109-5;"""""""CUERPO PULSADOR CABINA """"""""TELEFONO""""""""""""""";4
7302112-1;PULSANTE PISO C/INSCRIPCION FLECHA SUBIDA;2
7302114-1;PULSADOR PISO HALO INSCRIPCIÓN FLECHA SUBIDA;4
7302116-1;PULSANTE PISO LLAVE C/INSCRIPCION FLECHA;8
7302250-1;CALCE PULSADOR A LLAVE OR02 0.8X27,1X29,3;1
7302301-1;PLACA BOTONERA COMPARTIDA PUERTAS CERRADAS 4TH GEN;2
7302301-2;PLACA BOTONERA COMPARTIDA PUERTAS ABIERTAS 4TH GEN;2
7322103-1;PLACA SOPORTE SEÑALIZ.HORIZ.CH.1,5X73X133,5;8
7420100-1;SOPORTE DETECTOR AGUA FOSO CHAPA 1X40X80;2
7825111-1;PUENTE CONTACTO GERVALL REF:07620.08;7
8120025-1;ARANDELA FIELTRO 92/50X4 LEVA ELECTROMAG;2
8140084-1;GR.SOPORTE PLACA MICROFONO-ALTAVOZ ARCA II OR02;3
8140203-3;CONJUNTO BARRA HORIZONTAL BARANDILLA MODERECHO LB=1200;1
8140203-16;CONJUNTO BARRA HORIZONTAL AC=825 BARANDILLA M34;6
8140203-17;CONJUNTO BARRA HORIZONTAL AC=1000 BARANDILLA M34;8
8140210-1;TORNILLERIA BARANDILLA 2006(FC);8
8140210-4;TORNILLERIA BARANDILLA 2006(FC);5
8140227-1;GRUPO SOPORTE PLACAS EXTENSION OR02;7
8140475-1;CONJUNTO ELECTROIMAN APERTURA AUTO.FALDON ABATIBLE;5
8140861-1;TORNILLERIA AMARRE SUELO CERAMICO(FC);3
8151718-1;CONJUNTO PLACA INSCRIPCION ORONA;5
8160180-1;ESCUADRA VENT. NORM.DE ALUMINIO BANDA 20X2;1
8242850-1;GRUPO RUEDA SUPERIOR CARRO;8
8250102-1;CONJUNTO TOPE RETENEDOR T2H PM-300;6
8250102-2;CONJUNTO TOPE RETENEDOR CENTRAL 2HOJAS PM-300;6
8250118-11;CONJUNTO PISADERA PUERTA CABINA C2H L=850 ALUMINIO REF;5
8250118-8;CONJUNTO PISADERA PUERTA CABINA C2H L=700 ALUMINIO REF;4
8250118-9;CONJUNTO PISADERA PUERTA CABINA C2H L=750 ALUMINIO REF;5
8251611-1;SUBCONJUNTO SOPORTE PALANCA ENCLAVAMIENTO PRC2.;6
8253680-1;RUEDA INFERIOR CARRO PUERTA TIPO 800;4
8253884-1;SUSPENSION CONTRAPESO PUERTA AUTOMÁTICA B=2350;7
8260108-1;CONJ.PUENTE ELECTRICO MACHO PM-300;8
8260122-1;CONJUNTO LEVA LATERAL CON TOPE IZDA. PM-300;1
8260122-2;CONJUNTO LEVA LATERAL CON TOPE DCHA. PM-300;1
8263121-1;SUBCONJUNTO PIÑON REENVIO;6
8263143-1;SUBCONJUNTO GUIADOR INFERIOR PISAD.ALIGERADA;2
8263160-1;CONJUNTO RUEDA PALANCA DE ENCLAVAMIENTO;5
8263307-1;CONJUNTO SOPORTE ENCLAVAMIENTO COMPACT;6
8263315-1;SUBCONJUNTO BOMBIN C4H/T2H IZDA.PUERTA COMPACT;6
8263315-2;SUBCONJUNTO BOMBIN C2H/T2H DCHA.PUERTA COMPACT T2H;6
8302125-1;SOPORTE DE LLAVIN ARCA 1;2
8302131-1;GRUPO PULSANTE DE CABINA LED TDS;5
8302132-1;GRUPO PULSANTE DE CABINA HALO TDS;7
8302133-1;GRUPO PULSANTE DE PISO LED TDS;4
8302134-1;GRUPO PULSANTE DE PISO HALO TDS;4
8302137-1;GRUPO PULSADOR DE PISO LED FLECHA TDS;4
8302138-1;GRUPO PULSADOR DE PISO HALO TDS;4
8302140-1;GRUPO PULSADOR DE PISO HALO FLECHA SUB.TDS;5
8302143-1;GRUPO CRISTAL PARA R. A. E TDS;2
8302266-11;GRUPO PULSADOR LLAVE PISO OR02 B-73;2
8302306-1;PARTE DE LLAVIN MESITAS DE TRES PATITAS;4
8321603-1;CONJUNTO PLACA FLECHAS EMBOCADURA 4TH GEN;6
8322258-1;CONJUNTO PLACA FLECHAS EMBOCADURA OR02;7
8450103-1;MODULO RC 0,47uF/200 ohm 250V ACC/TERMINALES;6
8450157-1;ACCESORIOS INSTALACION ELECTRICA CABINA ARCA;5
8826022-1;CJTO FRONTAL FLECHAS+PEGATINA;5
8901331-1;R0199015 - SETA STOP REFERENCIA ZB2BZ101;2
8903402-1;V0201200:CONTACTOAUXILIARFRONTALBCLF10;5
9031360-1;CALCE DE NIVELACION MAQUI.CH.1X120X220;6
9100770-1;GRUPO FIJACION DE CONTRAPESOS;6
9100773-1;GRUPO FIJACION DE CONTRAPESOS;4
9110401-1;TORNILLERIA SUJECION LIMITADOR ANTER.EN-81;5
9152008-1;GR.TORNILLERIA FALDON DE CABINA L<=900 (FC);3
9152009-1;GRUPO TORNILLERIA FALDON DE CABINA L>900 (FC);4
9170100-1;LLAVE EMERGENCIA TRIANGULAR C/PLACA INSTRUCCIONES;3
9180026-1;IMAN 30X15 CON ADHESIVO;8
9181108-1;KIT OBTURADOR Q<=210 L/MIN.+PLACA ELECTRONICA;1
9200080-1;GRUPO FIJACION (TACO-TIRAFONDO) DE DIAMETRO 6;1
9262906-1;GRUPO LEVA FIJA ACCIONAMIENTO ORONA-96;8
9301656-1;GRUPO CUBRIDOR BOTONERA SUPERPUESTA 4TH GEN;3
9450262-2;CONEXION REC.INDICADOR PLACA EXT.1 IR3=1;8
9460352-1;BOLSA TERMINALES ELEC. V3F SIN RESCATE 2,5MM2(FC);3
9460352-2;BOLSA TERMINALES ELEC. V3F SIN RESCATE 4MM2(FC);3
9460352-3;BOLSA TERMINALES ELEC. V3F SIN RESCATE 6MM2(FC);6
9460352-4;BOLSA TERMINALES ELEC. V3F SIN RESCATE 10MM2(FC);7
9460352-5;BOLSA TERMINALES ELEC. V3F SIN RESCATE 16MM2(FC);6
9460418-1;Cable conexion linea telefonica 6 hilos x mtr;7
6113020-1;MUELLE FRENO G-180 PARA O-164/O-130;5
9262921-16;TORNILLERIA FIJACION  PL=700/800 HORMIGON (FC) (RAMPLUS # 16);2
11190193;ARGOLLA DE LLAVIN ARCA 1 COLOR ORO;1
1466129-1;PLACA DE EMPALME DE GUIAS T-50(FC);7
9262924-1;TORNILLERIA FIJACION PUERTA RELLANO PL=900/1000 LADRI. (FC)ramplus  # 10;6
6117750-1;CALCE PULSADOR PRINCIPAL 4TH GEN;1
9460760-1;KIT REPARACION SAIS PSP500 Y PSP650;1
5113038-1;LAMPARA PLAPONIER 6V-3W 8*38 (TORRE SUANT AMERICA);3
1990869-1;CAJA BRIDA CUADRADA 4THA GEN;1
